run_id,model_id,universe_id,base_commit,point_in_time_universe,survivorship_bias,classification,year_month,market_sessions,raw_signal_count,eligible_trade_count,unique_tickers,zero_signal_sessions
0f6c05bff4831033,tgs_stable_v2_universe_lab,U15,43d5dd5aa6be3b0638b5af83976e61a214bd9c37,False,True,survivorship-biased exploratory evidence; not Formal Candidate,2004-10,1,0,0,0,1
0f6c05bff4831033,tgs_stable_v2_universe_lab,U15,43d5dd5aa6be3b0638b5af83976e61a214bd9c37,False,True,survivorship-biased exploratory evidence; not Formal Candidate,2004-11,20,16,6,6,9
0f6c05bff4831033,tgs_stable_v2_universe_lab,U15,43d5dd5aa6be3b0638b5af83976e61a214bd9c37,False,True,survivorship-biased exploratory evidence; not Formal Candidate,2004-12,21,18,3,5,7
0f6c05bff4831033,tgs_stable_v2_universe_lab,U15,43d5dd5aa6be3b0638b5af83976e61a214bd9c37,False,True,survivorship-biased exploratory evidence; not Formal Candidate,2005-01,19,30,5,10,3
0f6c05bff4831033,tgs_stable_v2_universe_lab,U15,43d5dd5aa6be3b0638b5af83976e61a214bd9c37,False,True,survivorship-biased exploratory evidence; not Formal Candidate,2005-02,19,10,2,6,11
0f6c05bff4831033,tgs_stable_v2_universe_lab,U15,43d5dd5aa6be3b0638b5af83976e61a214bd9c37,False,True,survivorship-biased exploratory evidence; not Formal Candidate,2005-03,22,25,7,12,9
0f6c05bff4831033,tgs_stable_v2_universe_lab,U15,43d5dd5aa6be3b0638b5af83976e61a214bd9c37,False,True,survivorship-biased exploratory evidence; not Formal Candidate,2005-04,20,1,0,1,19
0f6c05bff4831033,tgs_stable_v2_universe_lab,U15,43d5dd5aa6be3b0638b5af83976e61a214bd9c37,False,True,survivorship-biased exploratory evidence; not Formal Candidate,2005-05,19,13,1,2,11
0f6c05bff4831033,tgs_stable_v2_universe_lab,U15,43d5dd5aa6be3b0638b5af83976e61a214bd9c37,False,True,survivorship-biased exploratory evidence; not Formal Candidate,2005-06,22,18,6,8,9
0f6c05bff4831033,tgs_stable_v2_universe_lab,U15,43d5dd5aa6be3b0638b5af83976e61a214bd9c37,False,True,survivorship-biased exploratory evidence; not Formal Candidate,2005-07,20,28,5,10,3
0f6c05bff4831033,tgs_stable_v2_universe_lab,U15,43d5dd5aa6be3b0638b5af83976e61a214bd9c37,False,True,survivorship-biased exploratory evidence; not Formal Candidate,2005-08,23,16,1,7,11
0f6c05bff4831033,tgs_stable_v2_universe_lab,U15,43d5dd5aa6be3b0638b5af83976e61a214bd9c37,False,True,survivorship-biased exploratory evidence; not Formal Candidate,2005-09,20,12,1,8,16
0f6c05bff4831033,tgs_stable_v2_universe_lab,U15,43d5dd5aa6be3b0638b5af83976e61a214bd9c37,False,True,survivorship-biased exploratory evidence; not Formal Candidate,2005-10,20,16,8,11,12
0f6c05bff4831033,tgs_stable_v2_universe_lab,U15,43d5dd5aa6be3b0638b5af83976e61a214bd9c37,False,True,survivorship-biased exploratory evidence; not Formal Candidate,2005-11,22,14,2,7,12
0f6c05bff4831033,tgs_stable_v2_universe_lab,U15,43d5dd5aa6be3b0638b5af83976e61a214bd9c37,False,True,survivorship-biased exploratory evidence; not Formal Candidate,2005-12,22,3,0,3,20
0f6c05bff4831033,tgs_stable_v2_universe_lab,U15,43d5dd5aa6be3b0638b5af83976e61a214bd9c37,False,True,survivorship-biased exploratory evidence; not Formal Candidate,2006-01,20,28,10,12,8
0f6c05bff4831033,tgs_stable_v2_universe_lab,U15,43d5dd5aa6be3b0638b5af83976e61a214bd9c37,False,True,survivorship-biased exploratory evidence; not Formal Candidate,2006-02,20,18,5,10,9
0f6c05bff4831033,tgs_stable_v2_universe_lab,U15,43d5dd5aa6be3b0638b5af83976e61a214bd9c37,False,True,survivorship-biased exploratory evidence; not Formal Candidate,2006-03,22,9,0,2,13
0f6c05bff4831033,tgs_stable_v2_universe_lab,U15,43d5dd5aa6be3b0638b5af83976e61a214bd9c37,False,True,survivorship-biased exploratory evidence; not Formal Candidate,2006-04,20,22,4,6,5
0f6c05bff4831033,tgs_stable_v2_universe_lab,U15,43d5dd5aa6be3b0638b5af83976e61a214bd9c37,False,True,survivorship-biased exploratory evidence; not Formal Candidate,2006-05,20,7,1,3,14
0f6c05bff4831033,tgs_stable_v2_universe_lab,U15,43d5dd5aa6be3b0638b5af83976e61a214bd9c37,False,True,survivorship-biased exploratory evidence; not Formal Candidate,2006-06,22,0,0,0,22
0f6c05bff4831033,tgs_stable_v2_universe_lab,U15,43d5dd5aa6be3b0638b5af83976e61a214bd9c37,False,True,survivorship-biased exploratory evidence; not Formal Candidate,2006-07,21,0,0,0,21
0f6c05bff4831033,tgs_stable_v2_universe_lab,U15,43d5dd5aa6be3b0638b5af83976e61a214bd9c37,False,True,survivorship-biased exploratory evidence; not Formal Candidate,2006-08,23,30,7,7,13
0f6c05bff4831033,tgs_stable_v2_universe_lab,U15,43d5dd5aa6be3b0638b5af83976e61a214bd9c37,False,True,survivorship-biased exploratory evidence; not Formal Candidate,2006-09,20,18,6,7,11
0f6c05bff4831033,tgs_stable_v2_universe_lab,U15,43d5dd5aa6be3b0638b5af83976e61a214bd9c37,False,True,survivorship-biased exploratory evidence; not Formal Candidate,2006-10,21,14,0,5,12
0f6c05bff4831033,tgs_stable_v2_universe_lab,U15,43d5dd5aa6be3b0638b5af83976e61a214bd9c37,False,True,survivorship-biased exploratory evidence; not Formal Candidate,2006-11,20,18,2,5,7
0f6c05bff4831033,tgs_stable_v2_universe_lab,U15,43d5dd5aa6be3b0638b5af83976e61a214bd9c37,False,True,survivorship-biased exploratory evidence; not Formal Candidate,2006-12,21,35,7,10,6
0f6c05bff4831033,tgs_stable_v2_universe_lab,U15,43d5dd5aa6be3b0638b5af83976e61a214bd9c37,False,True,survivorship-biased exploratory evidence; not Formal Candidate,2007-01,19,17,4,9,9
0f6c05bff4831033,tgs_stable_v2_universe_lab,U15,43d5dd5aa6be3b0638b5af83976e61a214bd9c37,False,True,survivorship-biased exploratory evidence; not Formal Candidate,2007-02,19,18,4,9,9
0f6c05bff4831033,tgs_stable_v2_universe_lab,U15,43d5dd5aa6be3b0638b5af83976e61a214bd9c37,False,True,survivorship-biased exploratory evidence; not Formal Candidate,2007-03,21,14,1,5,12
0f6c05bff4831033,tgs_stable_v2_universe_lab,U15,43d5dd5aa6be3b0638b5af83976e61a214bd9c37,False,True,survivorship-biased exploratory evidence; not Formal Candidate,2007-04,20,9,5,5,14
0f6c05bff4831033,tgs_stable_v2_universe_lab,U15,43d5dd5aa6be3b0638b5af83976e61a214bd9c37,False,True,survivorship-biased exploratory evidence; not Formal Candidate,2007-05,21,25,3,8,4
0f6c05bff4831033,tgs_stable_v2_universe_lab,U15,43d5dd5aa6be3b0638b5af83976e61a214bd9c37,False,True,survivorship-biased exploratory evidence; not Formal Candidate,2007-06,21,35,4,10,3
0f6c05bff4831033,tgs_stable_v2_universe_lab,U15,43d5dd5aa6be3b0638b5af83976e61a214bd9c37,False,True,survivorship-biased exploratory evidence; not Formal Candidate,2007-07,21,33,5,9,8
0f6c05bff4831033,tgs_stable_v2_universe_lab,U15,43d5dd5aa6be3b0638b5af83976e61a214bd9c37,False,True,survivorship-biased exploratory evidence; not Formal Candidate,2007-08,23,16,0,6,14
0f6c05bff4831033,tgs_stable_v2_universe_lab,U15,43d5dd5aa6be3b0638b5af83976e61a214bd9c37,False,True,survivorship-biased exploratory evidence; not Formal Candidate,2007-09,18,5,2,2,13
0f6c05bff4831033,tgs_stable_v2_universe_lab,U15,43d5dd5aa6be3b0638b5af83976e61a214bd9c37,False,True,survivorship-biased exploratory evidence; not Formal Candidate,2007-10,22,31,8,8,3
0f6c05bff4831033,tgs_stable_v2_universe_lab,U15,43d5dd5aa6be3b0638b5af83976e61a214bd9c37,False,True,survivorship-biased exploratory evidence; not Formal Candidate,2007-11,21,14,1,4,11
0f6c05bff4831033,tgs_stable_v2_universe_lab,U15,43d5dd5aa6be3b0638b5af83976e61a214bd9c37,False,True,survivorship-biased exploratory evidence; not Formal Candidate,2007-12,19,2,0,2,17
0f6c05bff4831033,tgs_stable_v2_universe_lab,U15,43d5dd5aa6be3b0638b5af83976e61a214bd9c37,False,True,survivorship-biased exploratory evidence; not Formal Candidate,2008-01,19,0,0,0,19
0f6c05bff4831033,tgs_stable_v2_universe_lab,U15,43d5dd5aa6be3b0638b5af83976e61a214bd9c37,False,True,survivorship-biased exploratory evidence; not Formal Candidate,2008-02,20,22,6,6,9
0f6c05bff4831033,tgs_stable_v2_universe_lab,U15,43d5dd5aa6be3b0638b5af83976e61a214bd9c37,False,True,survivorship-biased exploratory evidence; not Formal Candidate,2008-03,20,19,4,5,9
0f6c05bff4831033,tgs_stable_v2_universe_lab,U15,43d5dd5aa6be3b0638b5af83976e61a214bd9c37,False,True,survivorship-biased exploratory evidence; not Formal Candidate,2008-04,21,22,5,8,11
0f6c05bff4831033,tgs_stable_v2_universe_lab,U15,43d5dd5aa6be3b0638b5af83976e61a214bd9c37,False,True,survivorship-biased exploratory evidence; not Formal Candidate,2008-05,20,6,1,4,14
0f6c05bff4831033,tgs_stable_v2_universe_lab,U15,43d5dd5aa6be3b0638b5af83976e61a214bd9c37,False,True,survivorship-biased exploratory evidence; not Formal Candidate,2008-06,21,4,1,4,20
0f6c05bff4831033,tgs_stable_v2_universe_lab,U15,43d5dd5aa6be3b0638b5af83976e61a214bd9c37,False,True,survivorship-biased exploratory evidence; not Formal Candidate,2008-07,22,0,0,0,22
0f6c05bff4831033,tgs_stable_v2_universe_lab,U15,43d5dd5aa6be3b0638b5af83976e61a214bd9c37,False,True,survivorship-biased exploratory evidence; not Formal Candidate,2008-08,21,1,1,1,20
0f6c05bff4831033,tgs_stable_v2_universe_lab,U15,43d5dd5aa6be3b0638b5af83976e61a214bd9c37,False,True,survivorship-biased exploratory evidence; not Formal Candidate,2008-09,20,1,1,1,19
0f6c05bff4831033,tgs_stable_v2_universe_lab,U15,43d5dd5aa6be3b0638b5af83976e61a214bd9c37,False,True,survivorship-biased exploratory evidence; not Formal Candidate,2008-10,22,0,0,0,22
0f6c05bff4831033,tgs_stable_v2_universe_lab,U15,43d5dd5aa6be3b0638b5af83976e61a214bd9c37,False,True,survivorship-biased exploratory evidence; not Formal Candidate,2008-11,18,0,0,0,18
0f6c05bff4831033,tgs_stable_v2_universe_lab,U15,43d5dd5aa6be3b0638b5af83976e61a214bd9c37,False,True,survivorship-biased exploratory evidence; not Formal Candidate,2008-12,21,0,0,0,21
0f6c05bff4831033,tgs_stable_v2_universe_lab,U15,43d5dd5aa6be3b0638b5af83976e61a214bd9c37,False,True,survivorship-biased exploratory evidence; not Formal Candidate,2009-01,19,9,6,5,13
0f6c05bff4831033,tgs_stable_v2_universe_lab,U15,43d5dd5aa6be3b0638b5af83976e61a214bd9c37,False,True,survivorship-biased exploratory evidence; not Formal Candidate,2009-02,19,0,0,0,19
0f6c05bff4831033,tgs_stable_v2_universe_lab,U15,43d5dd5aa6be3b0638b5af83976e61a214bd9c37,False,True,survivorship-biased exploratory evidence; not Formal Candidate,2009-03,21,0,0,0,21
0f6c05bff4831033,tgs_stable_v2_universe_lab,U15,43d5dd5aa6be3b0638b5af83976e61a214bd9c37,False,True,survivorship-biased exploratory evidence; not Formal Candidate,2009-04,21,0,0,0,21
0f6c05bff4831033,tgs_stable_v2_universe_lab,U15,43d5dd5aa6be3b0638b5af83976e61a214bd9c37,False,True,survivorship-biased exploratory evidence; not Formal Candidate,2009-05,18,0,0,0,18
0f6c05bff4831033,tgs_stable_v2_universe_lab,U15,43d5dd5aa6be3b0638b5af83976e61a214bd9c37,False,True,survivorship-biased exploratory evidence; not Formal Candidate,2009-06,22,0,0,0,22
0f6c05bff4831033,tgs_stable_v2_universe_lab,U15,43d5dd5aa6be3b0638b5af83976e61a214bd9c37,False,True,survivorship-biased exploratory evidence; not Formal Candidate,2009-07,22,0,0,0,22
0f6c05bff4831033,tgs_stable_v2_universe_lab,U15,43d5dd5aa6be3b0638b5af83976e61a214bd9c37,False,True,survivorship-biased exploratory evidence; not Formal Candidate,2009-08,21,0,0,0,21
0f6c05bff4831033,tgs_stable_v2_universe_lab,U15,43d5dd5aa6be3b0638b5af83976e61a214bd9c37,False,True,survivorship-biased exploratory evidence; not Formal Candidate,2009-09,18,0,0,0,18
0f6c05bff4831033,tgs_stable_v2_universe_lab,U15,43d5dd5aa6be3b0638b5af83976e61a214bd9c37,False,True,survivorship-biased exploratory evidence; not Formal Candidate,2009-10,21,0,0,0,21
0f6c05bff4831033,tgs_stable_v2_universe_lab,U15,43d5dd5aa6be3b0638b5af83976e61a214bd9c37,False,True,survivorship-biased exploratory evidence; not Formal Candidate,2009-11,19,0,0,0,19
0f6c05bff4831033,tgs_stable_v2_universe_lab,U15,43d5dd5aa6be3b0638b5af83976e61a214bd9c37,False,True,survivorship-biased exploratory evidence; not Formal Candidate,2009-12,21,0,0,0,21
0f6c05bff4831033,tgs_stable_v2_universe_lab,U15,43d5dd5aa6be3b0638b5af83976e61a214bd9c37,False,True,survivorship-biased exploratory evidence; not Formal Candidate,2010-01,19,0,0,0,19
0f6c05bff4831033,tgs_stable_v2_universe_lab,U15,43d5dd5aa6be3b0638b5af83976e61a214bd9c37,False,True,survivorship-biased exploratory evidence; not Formal Candidate,2010-02,19,0,0,0,19
0f6c05bff4831033,tgs_stable_v2_universe_lab,U15,43d5dd5aa6be3b0638b5af83976e61a214bd9c37,False,True,survivorship-biased exploratory evidence; not Formal Candidate,2010-03,22,5,3,3,18
0f6c05bff4831033,tgs_stable_v2_universe_lab,U15,43d5dd5aa6be3b0638b5af83976e61a214bd9c37,False,True,survivorship-biased exploratory evidence; not Formal Candidate,2010-04,21,2,1,2,19
0f6c05bff4831033,tgs_stable_v2_universe_lab,U15,43d5dd5aa6be3b0638b5af83976e61a214bd9c37,False,True,survivorship-biased exploratory evidence; not Formal Candidate,2010-05,18,4,1,1,14
0f6c05bff4831033,tgs_stable_v2_universe_lab,U15,43d5dd5aa6be3b0638b5af83976e61a214bd9c37,False,True,survivorship-biased exploratory evidence; not Formal Candidate,2010-06,22,0,0,0,22
0f6c05bff4831033,tgs_stable_v2_universe_lab,U15,43d5dd5aa6be3b0638b5af83976e61a214bd9c37,False,True,survivorship-biased exploratory evidence; not Formal Candidate,2010-07,20,0,0,0,20
0f6c05bff4831033,tgs_stable_v2_universe_lab,U15,43d5dd5aa6be3b0638b5af83976e61a214bd9c37,False,True,survivorship-biased exploratory evidence; not Formal Candidate,2010-08,22,2,1,1,20
0f6c05bff4831033,tgs_stable_v2_universe_lab,U15,43d5dd5aa6be3b0638b5af83976e61a214bd9c37,False,True,survivorship-biased exploratory evidence; not Formal Candidate,2010-09,19,0,0,0,19
0f6c05bff4831033,tgs_stable_v2_universe_lab,U15,43d5dd5aa6be3b0638b5af83976e61a214bd9c37,False,True,survivorship-biased exploratory evidence; not Formal Candidate,2010-10,20,5,2,2,15
0f6c05bff4831033,tgs_stable_v2_universe_lab,U15,43d5dd5aa6be3b0638b5af83976e61a214bd9c37,False,True,survivorship-biased exploratory evidence; not Formal Candidate,2010-11,20,0,0,0,20
0f6c05bff4831033,tgs_stable_v2_universe_lab,U15,43d5dd5aa6be3b0638b5af83976e61a214bd9c37,False,True,survivorship-biased exploratory evidence; not Formal Candidate,2010-12,21,0,0,0,21
0f6c05bff4831033,tgs_stable_v2_universe_lab,U15,43d5dd5aa6be3b0638b5af83976e61a214bd9c37,False,True,survivorship-biased exploratory evidence; not Formal Candidate,2011-01,19,8,4,4,14
0f6c05bff4831033,tgs_stable_v2_universe_lab,U15,43d5dd5aa6be3b0638b5af83976e61a214bd9c37,False,True,survivorship-biased exploratory evidence; not Formal Candidate,2011-02,19,2,0,2,17
0f6c05bff4831033,tgs_stable_v2_universe_lab,U15,43d5dd5aa6be3b0638b5af83976e61a214bd9c37,False,True,survivorship-biased exploratory evidence; not Formal Candidate,2011-03,22,6,2,3,17
0f6c05bff4831033,tgs_stable_v2_universe_lab,U15,43d5dd5aa6be3b0638b5af83976e61a214bd9c37,False,True,survivorship-biased exploratory evidence; not Formal Candidate,2011-04,20,0,0,0,20
0f6c05bff4831033,tgs_stable_v2_universe_lab,U15,43d5dd5aa6be3b0638b5af83976e61a214bd9c37,False,True,survivorship-biased exploratory evidence; not Formal Candidate,2011-05,19,1,1,1,18
0f6c05bff4831033,tgs_stable_v2_universe_lab,U15,43d5dd5aa6be3b0638b5af83976e61a214bd9c37,False,True,survivorship-biased exploratory evidence; not Formal Candidate,2011-06,22,0,0,0,22
0f6c05bff4831033,tgs_stable_v2_universe_lab,U15,43d5dd5aa6be3b0638b5af83976e61a214bd9c37,False,True,survivorship-biased exploratory evidence; not Formal Candidate,2011-07,20,13,5,5,8
0f6c05bff4831033,tgs_stable_v2_universe_lab,U15,43d5dd5aa6be3b0638b5af83976e61a214bd9c37,False,True,survivorship-biased exploratory evidence; not Formal Candidate,2011-08,23,3,0,2,21
0f6c05bff4831033,tgs_stable_v2_universe_lab,U15,43d5dd5aa6be3b0638b5af83976e61a214bd9c37,False,True,survivorship-biased exploratory evidence; not Formal Candidate,2011-09,20,0,0,0,20
0f6c05bff4831033,tgs_stable_v2_universe_lab,U15,43d5dd5aa6be3b0638b5af83976e61a214bd9c37,False,True,survivorship-biased exploratory evidence; not Formal Candidate,2011-10,20,2,1,1,18
0f6c05bff4831033,tgs_stable_v2_universe_lab,U15,43d5dd5aa6be3b0638b5af83976e61a214bd9c37,False,True,survivorship-biased exploratory evidence; not Formal Candidate,2011-11,20,4,2,2,16
0f6c05bff4831033,tgs_stable_v2_universe_lab,U15,43d5dd5aa6be3b0638b5af83976e61a214bd9c37,False,True,survivorship-biased exploratory evidence; not Formal Candidate,2011-12,21,6,2,2,16
0f6c05bff4831033,tgs_stable_v2_universe_lab,U15,43d5dd5aa6be3b0638b5af83976e61a214bd9c37,False,True,survivorship-biased exploratory evidence; not Formal Candidate,2012-01,19,9,2,5,11
0f6c05bff4831033,tgs_stable_v2_universe_lab,U15,43d5dd5aa6be3b0638b5af83976e61a214bd9c37,False,True,survivorship-biased exploratory evidence; not Formal Candidate,2012-02,21,3,0,3,18
0f6c05bff4831033,tgs_stable_v2_universe_lab,U15,43d5dd5aa6be3b0638b5af83976e61a214bd9c37,False,True,survivorship-biased exploratory evidence; not Formal Candidate,2012-03,21,9,4,6,15
0f6c05bff4831033,tgs_stable_v2_universe_lab,U15,43d5dd5aa6be3b0638b5af83976e61a214bd9c37,False,True,survivorship-biased exploratory evidence; not Formal Candidate,2012-04,20,12,4,7,12
0f6c05bff4831033,tgs_stable_v2_universe_lab,U15,43d5dd5aa6be3b0638b5af83976e61a214bd9c37,False,True,survivorship-biased exploratory evidence; not Formal Candidate,2012-05,21,1,0,1,20
0f6c05bff4831033,tgs_stable_v2_universe_lab,U15,43d5dd5aa6be3b0638b5af83976e61a214bd9c37,False,True,survivorship-biased exploratory evidence; not Formal Candidate,2012-06,21,1,1,1,20
0f6c05bff4831033,tgs_stable_v2_universe_lab,U15,43d5dd5aa6be3b0638b5af83976e61a214bd9c37,False,True,survivorship-biased exploratory evidence; not Formal Candidate,2012-07,21,10,1,2,13
0f6c05bff4831033,tgs_stable_v2_universe_lab,U15,43d5dd5aa6be3b0638b5af83976e61a214bd9c37,False,True,survivorship-biased exploratory evidence; not Formal Candidate,2012-08,23,7,3,3,17
0f6c05bff4831033,tgs_stable_v2_universe_lab,U15,43d5dd5aa6be3b0638b5af83976e61a214bd9c37,False,True,survivorship-biased exploratory evidence; not Formal Candidate,2012-09,19,16,4,5,10
0f6c05bff4831033,tgs_stable_v2_universe_lab,U15,43d5dd5aa6be3b0638b5af83976e61a214bd9c37,False,True,survivorship-biased exploratory evidence; not Formal Candidate,2012-10,22,9,1,4,14
0f6c05bff4831033,tgs_stable_v2_universe_lab,U15,43d5dd5aa6be3b0638b5af83976e61a214bd9c37,False,True,survivorship-biased exploratory evidence; not Formal Candidate,2012-11,21,16,2,7,8
0f6c05bff4831033,tgs_stable_v2_universe_lab,U15,43d5dd5aa6be3b0638b5af83976e61a214bd9c37,False,True,survivorship-biased exploratory evidence; not Formal Candidate,2012-12,19,0,0,0,19
0f6c05bff4831033,tgs_stable_v2_universe_lab,U15,43d5dd5aa6be3b0638b5af83976e61a214bd9c37,False,True,survivorship-biased exploratory evidence; not Formal Candidate,2013-01,19,6,3,4,13
0f6c05bff4831033,tgs_stable_v2_universe_lab,U15,43d5dd5aa6be3b0638b5af83976e61a214bd9c37,False,True,survivorship-biased exploratory evidence; not Formal Candidate,2013-02,19,10,5,7,10
0f6c05bff4831033,tgs_stable_v2_universe_lab,U15,43d5dd5aa6be3b0638b5af83976e61a214bd9c37,False,True,survivorship-biased exploratory evidence; not Formal Candidate,2013-03,20,9,2,8,16
0f6c05bff4831033,tgs_stable_v2_universe_lab,U15,43d5dd5aa6be3b0638b5af83976e61a214bd9c37,False,True,survivorship-biased exploratory evidence; not Formal Candidate,2013-04,21,13,3,8,13
0f6c05bff4831033,tgs_stable_v2_universe_lab,U15,43d5dd5aa6be3b0638b5af83976e61a214bd9c37,False,True,survivorship-biased exploratory evidence; not Formal Candidate,2013-05,21,33,12,14,11
0f6c05bff4831033,tgs_stable_v2_universe_lab,U15,43d5dd5aa6be3b0638b5af83976e61a214bd9c37,False,True,survivorship-biased exploratory evidence; not Formal Candidate,2013-06,20,4,1,2,16
0f6c05bff4831033,tgs_stable_v2_universe_lab,U15,43d5dd5aa6be3b0638b5af83976e61a214bd9c37,False,True,survivorship-biased exploratory evidence; not Formal Candidate,2013-07,22,5,1,1,17
0f6c05bff4831033,tgs_stable_v2_universe_lab,U15,43d5dd5aa6be3b0638b5af83976e61a214bd9c37,False,True,survivorship-biased exploratory evidence; not Formal Candidate,2013-08,22,19,3,3,7
0f6c05bff4831033,tgs_stable_v2_universe_lab,U15,43d5dd5aa6be3b0638b5af83976e61a214bd9c37,False,True,survivorship-biased exploratory evidence; not Formal Candidate,2013-09,19,15,5,7,10
0f6c05bff4831033,tgs_stable_v2_universe_lab,U15,43d5dd5aa6be3b0638b5af83976e61a214bd9c37,False,True,survivorship-biased exploratory evidence; not Formal Candidate,2013-10,22,21,5,7,9
0f6c05bff4831033,tgs_stable_v2_universe_lab,U15,43d5dd5aa6be3b0638b5af83976e61a214bd9c37,False,True,survivorship-biased exploratory evidence; not Formal Candidate,2013-11,20,10,3,5,10
0f6c05bff4831033,tgs_stable_v2_universe_lab,U15,43d5dd5aa6be3b0638b5af83976e61a214bd9c37,False,True,survivorship-biased exploratory evidence; not Formal Candidate,2013-12,20,7,1,4,16
0f6c05bff4831033,tgs_stable_v2_universe_lab,U15,43d5dd5aa6be3b0638b5af83976e61a214bd9c37,False,True,survivorship-biased exploratory evidence; not Formal Candidate,2014-01,19,11,3,5,10
0f6c05bff4831033,tgs_stable_v2_universe_lab,U15,43d5dd5aa6be3b0638b5af83976e61a214bd9c37,False,True,survivorship-biased exploratory evidence; not Formal Candidate,2014-02,19,14,2,4,6
0f6c05bff4831033,tgs_stable_v2_universe_lab,U15,43d5dd5aa6be3b0638b5af83976e61a214bd9c37,False,True,survivorship-biased exploratory evidence; not Formal Candidate,2014-03,20,5,2,4,15
0f6c05bff4831033,tgs_stable_v2_universe_lab,U15,43d5dd5aa6be3b0638b5af83976e61a214bd9c37,False,True,survivorship-biased exploratory evidence; not Formal Candidate,2014-04,21,8,1,3,13
0f6c05bff4831033,tgs_stable_v2_universe_lab,U15,43d5dd5aa6be3b0638b5af83976e61a214bd9c37,False,True,survivorship-biased exploratory evidence; not Formal Candidate,2014-05,20,22,4,6,7
0f6c05bff4831033,tgs_stable_v2_universe_lab,U15,43d5dd5aa6be3b0638b5af83976e61a214bd9c37,False,True,survivorship-biased exploratory evidence; not Formal Candidate,2014-06,21,35,7,11,5
0f6c05bff4831033,tgs_stable_v2_universe_lab,U15,43d5dd5aa6be3b0638b5af83976e61a214bd9c37,False,True,survivorship-biased exploratory evidence; not Formal Candidate,2014-07,22,10,2,4,13
0f6c05bff4831033,tgs_stable_v2_universe_lab,U15,43d5dd5aa6be3b0638b5af83976e61a214bd9c37,False,True,survivorship-biased exploratory evidence; not Formal Candidate,2014-08,21,18,3,9,8
0f6c05bff4831033,tgs_stable_v2_universe_lab,U15,43d5dd5aa6be3b0638b5af83976e61a214bd9c37,False,True,survivorship-biased exploratory evidence; not Formal Candidate,2014-09,20,29,8,11,5
0f6c05bff4831033,tgs_stable_v2_universe_lab,U15,43d5dd5aa6be3b0638b5af83976e61a214bd9c37,False,True,survivorship-biased exploratory evidence; not Formal Candidate,2014-10,22,9,1,6,18
0f6c05bff4831033,tgs_stable_v2_universe_lab,U15,43d5dd5aa6be3b0638b5af83976e61a214bd9c37,False,True,survivorship-biased exploratory evidence; not Formal Candidate,2014-11,18,32,6,10,2
0f6c05bff4831033,tgs_stable_v2_universe_lab,U15,43d5dd5aa6be3b0638b5af83976e61a214bd9c37,False,True,survivorship-biased exploratory evidence; not Formal Candidate,2014-12,21,16,4,6,9
0f6c05bff4831033,tgs_stable_v2_universe_lab,U15,43d5dd5aa6be3b0638b5af83976e61a214bd9c37,False,True,survivorship-biased exploratory evidence; not Formal Candidate,2015-01,19,5,1,4,14
0f6c05bff4831033,tgs_stable_v2_universe_lab,U15,43d5dd5aa6be3b0638b5af83976e61a214bd9c37,False,True,survivorship-biased exploratory evidence; not Formal Candidate,2015-02,19,16,2,7,9
0f6c05bff4831033,tgs_stable_v2_universe_lab,U15,43d5dd5aa6be3b0638b5af83976e61a214bd9c37,False,True,survivorship-biased exploratory evidence; not Formal Candidate,2015-03,22,21,7,8,9
0f6c05bff4831033,tgs_stable_v2_universe_lab,U15,43d5dd5aa6be3b0638b5af83976e61a214bd9c37,False,True,survivorship-biased exploratory evidence; not Formal Candidate,2015-04,21,10,1,5,13
0f6c05bff4831033,tgs_stable_v2_universe_lab,U15,43d5dd5aa6be3b0638b5af83976e61a214bd9c37,False,True,survivorship-biased exploratory evidence; not Formal Candidate,2015-05,18,11,4,6,9
0f6c05bff4831033,tgs_stable_v2_universe_lab,U15,43d5dd5aa6be3b0638b5af83976e61a214bd9c37,False,True,survivorship-biased exploratory evidence; not Formal Candidate,2015-06,22,11,4,6,13
0f6c05bff4831033,tgs_stable_v2_universe_lab,U15,43d5dd5aa6be3b0638b5af83976e61a214bd9c37,False,True,survivorship-biased exploratory evidence; not Formal Candidate,2015-07,22,1,0,1,21
0f6c05bff4831033,tgs_stable_v2_universe_lab,U15,43d5dd5aa6be3b0638b5af83976e61a214bd9c37,False,True,survivorship-biased exploratory evidence; not Formal Candidate,2015-08,21,14,3,3,10
0f6c05bff4831033,tgs_stable_v2_universe_lab,U15,43d5dd5aa6be3b0638b5af83976e61a214bd9c37,False,True,survivorship-biased exploratory evidence; not Formal Candidate,2015-09,19,0,0,0,19
0f6c05bff4831033,tgs_stable_v2_universe_lab,U15,43d5dd5aa6be3b0638b5af83976e61a214bd9c37,False,True,survivorship-biased exploratory evidence; not Formal Candidate,2015-10,21,14,6,6,10
0f6c05bff4831033,tgs_stable_v2_universe_lab,U15,43d5dd5aa6be3b0638b5af83976e61a214bd9c37,False,True,survivorship-biased exploratory evidence; not Formal Candidate,2015-11,19,37,5,10,0
0f6c05bff4831033,tgs_stable_v2_universe_lab,U15,43d5dd5aa6be3b0638b5af83976e61a214bd9c37,False,True,survivorship-biased exploratory evidence; not Formal Candidate,2015-12,20,12,0,6,12
0f6c05bff4831033,tgs_stable_v2_universe_lab,U15,43d5dd5aa6be3b0638b5af83976e61a214bd9c37,False,True,survivorship-biased exploratory evidence; not Formal Candidate,2016-01,19,8,1,2,13
0f6c05bff4831033,tgs_stable_v2_universe_lab,U15,43d5dd5aa6be3b0638b5af83976e61a214bd9c37,False,True,survivorship-biased exploratory evidence; not Formal Candidate,2016-02,20,0,0,0,20
0f6c05bff4831033,tgs_stable_v2_universe_lab,U15,43d5dd5aa6be3b0638b5af83976e61a214bd9c37,False,True,survivorship-biased exploratory evidence; not Formal Candidate,2016-03,22,25,6,6,13
0f6c05bff4831033,tgs_stable_v2_universe_lab,U15,43d5dd5aa6be3b0638b5af83976e61a214bd9c37,False,True,survivorship-biased exploratory evidence; not Formal Candidate,2016-04,20,16,5,5,13
0f6c05bff4831033,tgs_stable_v2_universe_lab,U15,43d5dd5aa6be3b0638b5af83976e61a214bd9c37,False,True,survivorship-biased exploratory evidence; not Formal Candidate,2016-05,19,19,4,5,9
0f6c05bff4831033,tgs_stable_v2_universe_lab,U15,43d5dd5aa6be3b0638b5af83976e61a214bd9c37,False,True,survivorship-biased exploratory evidence; not Formal Candidate,2016-06,22,2,1,1,20
0f6c05bff4831033,tgs_stable_v2_universe_lab,U15,43d5dd5aa6be3b0638b5af83976e61a214bd9c37,False,True,survivorship-biased exploratory evidence; not Formal Candidate,2016-07,19,11,5,6,13
0f6c05bff4831033,tgs_stable_v2_universe_lab,U15,43d5dd5aa6be3b0638b5af83976e61a214bd9c37,False,True,survivorship-biased exploratory evidence; not Formal Candidate,2016-08,22,14,0,3,12
0f6c05bff4831033,tgs_stable_v2_universe_lab,U15,43d5dd5aa6be3b0638b5af83976e61a214bd9c37,False,True,survivorship-biased exploratory evidence; not Formal Candidate,2016-09,20,4,1,4,17
0f6c05bff4831033,tgs_stable_v2_universe_lab,U15,43d5dd5aa6be3b0638b5af83976e61a214bd9c37,False,True,survivorship-biased exploratory evidence; not Formal Candidate,2016-10,20,10,4,5,12
0f6c05bff4831033,tgs_stable_v2_universe_lab,U15,43d5dd5aa6be3b0638b5af83976e61a214bd9c37,False,True,survivorship-biased exploratory evidence; not Formal Candidate,2016-11,20,16,5,7,13
0f6c05bff4831033,tgs_stable_v2_universe_lab,U15,43d5dd5aa6be3b0638b5af83976e61a214bd9c37,False,True,survivorship-biased exploratory evidence; not Formal Candidate,2016-12,21,7,0,4,15
0f6c05bff4831033,tgs_stable_v2_universe_lab,U15,43d5dd5aa6be3b0638b5af83976e61a214bd9c37,False,True,survivorship-biased exploratory evidence; not Formal Candidate,2017-01,19,2,0,1,17
0f6c05bff4831033,tgs_stable_v2_universe_lab,U15,43d5dd5aa6be3b0638b5af83976e61a214bd9c37,False,True,survivorship-biased exploratory evidence; not Formal Candidate,2017-02,20,10,4,5,11
0f6c05bff4831033,tgs_stable_v2_universe_lab,U15,43d5dd5aa6be3b0638b5af83976e61a214bd9c37,False,True,survivorship-biased exploratory evidence; not Formal Candidate,2017-03,22,8,6,6,16
0f6c05bff4831033,tgs_stable_v2_universe_lab,U15,43d5dd5aa6be3b0638b5af83976e61a214bd9c37,False,True,survivorship-biased exploratory evidence; not Formal Candidate,2017-04,20,1,0,1,19
0f6c05bff4831033,tgs_stable_v2_universe_lab,U15,43d5dd5aa6be3b0638b5af83976e61a214bd9c37,False,True,survivorship-biased exploratory evidence; not Formal Candidate,2017-05,20,3,0,1,17
0f6c05bff4831033,tgs_stable_v2_universe_lab,U15,43d5dd5aa6be3b0638b5af83976e61a214bd9c37,False,True,survivorship-biased exploratory evidence; not Formal Candidate,2017-06,22,1,1,1,21
0f6c05bff4831033,tgs_stable_v2_universe_lab,U15,43d5dd5aa6be3b0638b5af83976e61a214bd9c37,False,True,survivorship-biased exploratory evidence; not Formal Candidate,2017-07,20,15,5,5,10
0f6c05bff4831033,tgs_stable_v2_universe_lab,U15,43d5dd5aa6be3b0638b5af83976e61a214bd9c37,False,True,survivorship-biased exploratory evidence; not Formal Candidate,2017-08,22,15,4,5,10
0f6c05bff4831033,tgs_stable_v2_universe_lab,U15,43d5dd5aa6be3b0638b5af83976e61a214bd9c37,False,True,survivorship-biased exploratory evidence; not Formal Candidate,2017-09,20,6,1,5,14
0f6c05bff4831033,tgs_stable_v2_universe_lab,U15,43d5dd5aa6be3b0638b5af83976e61a214bd9c37,False,True,survivorship-biased exploratory evidence; not Formal Candidate,2017-10,21,11,3,5,13
0f6c05bff4831033,tgs_stable_v2_universe_lab,U15,43d5dd5aa6be3b0638b5af83976e61a214bd9c37,False,True,survivorship-biased exploratory evidence; not Formal Candidate,2017-11,20,18,5,8,7
0f6c05bff4831033,tgs_stable_v2_universe_lab,U15,43d5dd5aa6be3b0638b5af83976e61a214bd9c37,False,True,survivorship-biased exploratory evidence; not Formal Candidate,2017-12,21,12,3,4,10
0f6c05bff4831033,tgs_stable_v2_universe_lab,U15,43d5dd5aa6be3b0638b5af83976e61a214bd9c37,False,True,survivorship-biased exploratory evidence; not Formal Candidate,2018-01,19,12,3,7,12
0f6c05bff4831033,tgs_stable_v2_universe_lab,U15,43d5dd5aa6be3b0638b5af83976e61a214bd9c37,False,True,survivorship-biased exploratory evidence; not Formal Candidate,2018-02,19,8,2,6,14
0f6c05bff4831033,tgs_stable_v2_universe_lab,U15,43d5dd5aa6be3b0638b5af83976e61a214bd9c37,False,True,survivorship-biased exploratory evidence; not Formal Candidate,2018-03,21,0,0,0,21
0f6c05bff4831033,tgs_stable_v2_universe_lab,U15,43d5dd5aa6be3b0638b5af83976e61a214bd9c37,False,True,survivorship-biased exploratory evidence; not Formal Candidate,2018-04,20,0,0,0,20
0f6c05bff4831033,tgs_stable_v2_universe_lab,U15,43d5dd5aa6be3b0638b5af83976e61a214bd9c37,False,True,survivorship-biased exploratory evidence; not Formal Candidate,2018-05,21,24,8,8,8
0f6c05bff4831033,tgs_stable_v2_universe_lab,U15,43d5dd5aa6be3b0638b5af83976e61a214bd9c37,False,True,survivorship-biased exploratory evidence; not Formal Candidate,2018-06,21,7,1,3,15
0f6c05bff4831033,tgs_stable_v2_universe_lab,U15,43d5dd5aa6be3b0638b5af83976e61a214bd9c37,False,True,survivorship-biased exploratory evidence; not Formal Candidate,2018-07,21,12,1,3,9
0f6c05bff4831033,tgs_stable_v2_universe_lab,U15,43d5dd5aa6be3b0638b5af83976e61a214bd9c37,False,True,survivorship-biased exploratory evidence; not Formal Candidate,2018-08,23,12,4,5,12
0f6c05bff4831033,tgs_stable_v2_universe_lab,U15,43d5dd5aa6be3b0638b5af83976e61a214bd9c37,False,True,survivorship-biased exploratory evidence; not Formal Candidate,2018-09,18,28,7,9,5
0f6c05bff4831033,tgs_stable_v2_universe_lab,U15,43d5dd5aa6be3b0638b5af83976e61a214bd9c37,False,True,survivorship-biased exploratory evidence; not Formal Candidate,2018-10,22,14,1,8,15
0f6c05bff4831033,tgs_stable_v2_universe_lab,U15,43d5dd5aa6be3b0638b5af83976e61a214bd9c37,False,True,survivorship-biased exploratory evidence; not Formal Candidate,2018-11,21,5,1,1,16
0f6c05bff4831033,tgs_stable_v2_universe_lab,U15,43d5dd5aa6be3b0638b5af83976e61a214bd9c37,False,True,survivorship-biased exploratory evidence; not Formal Candidate,2018-12,19,0,0,0,19
0f6c05bff4831033,tgs_stable_v2_universe_lab,U15,43d5dd5aa6be3b0638b5af83976e61a214bd9c37,False,True,survivorship-biased exploratory evidence; not Formal Candidate,2019-01,19,10,2,2,9
0f6c05bff4831033,tgs_stable_v2_universe_lab,U15,43d5dd5aa6be3b0638b5af83976e61a214bd9c37,False,True,survivorship-biased exploratory evidence; not Formal Candidate,2019-02,19,23,4,5,8
0f6c05bff4831033,tgs_stable_v2_universe_lab,U15,43d5dd5aa6be3b0638b5af83976e61a214bd9c37,False,True,survivorship-biased exploratory evidence; not Formal Candidate,2019-03,20,21,2,5,8
0f6c05bff4831033,tgs_stable_v2_universe_lab,U15,43d5dd5aa6be3b0638b5af83976e61a214bd9c37,False,True,survivorship-biased exploratory evidence; not Formal Candidate,2019-04,20,13,2,6,9
0f6c05bff4831033,tgs_stable_v2_universe_lab,U15,43d5dd5aa6be3b0638b5af83976e61a214bd9c37,False,True,survivorship-biased exploratory evidence; not Formal Candidate,2019-05,19,21,5,8,5
0f6c05bff4831033,tgs_stable_v2_universe_lab,U15,43d5dd5aa6be3b0638b5af83976e61a214bd9c37,False,True,survivorship-biased exploratory evidence; not Formal Candidate,2019-06,20,18,3,5,6
0f6c05bff4831033,tgs_stable_v2_universe_lab,U15,43d5dd5aa6be3b0638b5af83976e61a214bd9c37,False,True,survivorship-biased exploratory evidence; not Formal Candidate,2019-07,22,18,3,4,9
0f6c05bff4831033,tgs_stable_v2_universe_lab,U15,43d5dd5aa6be3b0638b5af83976e61a214bd9c37,False,True,survivorship-biased exploratory evidence; not Formal Candidate,2019-08,21,7,1,3,16
0f6c05bff4831033,tgs_stable_v2_universe_lab,U15,43d5dd5aa6be3b0638b5af83976e61a214bd9c37,False,True,survivorship-biased exploratory evidence; not Formal Candidate,2019-09,19,20,7,7,7
0f6c05bff4831033,tgs_stable_v2_universe_lab,U15,43d5dd5aa6be3b0638b5af83976e61a214bd9c37,False,True,survivorship-biased exploratory evidence; not Formal Candidate,2019-10,21,9,2,4,13
0f6c05bff4831033,tgs_stable_v2_universe_lab,U15,43d5dd5aa6be3b0638b5af83976e61a214bd9c37,False,True,survivorship-biased exploratory evidence; not Formal Candidate,2019-11,20,7,0,5,15
0f6c05bff4831033,tgs_stable_v2_universe_lab,U15,43d5dd5aa6be3b0638b5af83976e61a214bd9c37,False,True,survivorship-biased exploratory evidence; not Formal Candidate,2019-12,21,5,3,4,17
0f6c05bff4831033,tgs_stable_v2_universe_lab,U15,43d5dd5aa6be3b0638b5af83976e61a214bd9c37,False,True,survivorship-biased exploratory evidence; not Formal Candidate,2020-01,19,15,4,6,10
0f6c05bff4831033,tgs_stable_v2_universe_lab,U15,43d5dd5aa6be3b0638b5af83976e61a214bd9c37,False,True,survivorship-biased exploratory evidence; not Formal Candidate,2020-02,18,23,3,8,8
0f6c05bff4831033,tgs_stable_v2_universe_lab,U15,43d5dd5aa6be3b0638b5af83976e61a214bd9c37,False,True,survivorship-biased exploratory evidence; not Formal Candidate,2020-03,21,0,0,0,21
0f6c05bff4831033,tgs_stable_v2_universe_lab,U15,43d5dd5aa6be3b0638b5af83976e61a214bd9c37,False,True,survivorship-biased exploratory evidence; not Formal Candidate,2020-04,21,0,0,0,21
0f6c05bff4831033,tgs_stable_v2_universe_lab,U15,43d5dd5aa6be3b0638b5af83976e61a214bd9c37,False,True,survivorship-biased exploratory evidence; not Formal Candidate,2020-05,18,10,5,5,11
0f6c05bff4831033,tgs_stable_v2_universe_lab,U15,43d5dd5aa6be3b0638b5af83976e61a214bd9c37,False,True,survivorship-biased exploratory evidence; not Formal Candidate,2020-06,22,7,2,3,17
0f6c05bff4831033,tgs_stable_v2_universe_lab,U15,43d5dd5aa6be3b0638b5af83976e61a214bd9c37,False,True,survivorship-biased exploratory evidence; not Formal Candidate,2020-07,21,1,0,1,20
0f6c05bff4831033,tgs_stable_v2_universe_lab,U15,43d5dd5aa6be3b0638b5af83976e61a214bd9c37,False,True,survivorship-biased exploratory evidence; not Formal Candidate,2020-08,20,2,1,2,18
0f6c05bff4831033,tgs_stable_v2_universe_lab,U15,43d5dd5aa6be3b0638b5af83976e61a214bd9c37,False,True,survivorship-biased exploratory evidence; not Formal Candidate,2020-09,20,6,3,3,14
0f6c05bff4831033,tgs_stable_v2_universe_lab,U15,43d5dd5aa6be3b0638b5af83976e61a214bd9c37,False,True,survivorship-biased exploratory evidence; not Formal Candidate,2020-10,21,0,0,0,21
0f6c05bff4831033,tgs_stable_v2_universe_lab,U15,43d5dd5aa6be3b0638b5af83976e61a214bd9c37,False,True,survivorship-biased exploratory evidence; not Formal Candidate,2020-11,19,8,3,6,14
0f6c05bff4831033,tgs_stable_v2_universe_lab,U15,43d5dd5aa6be3b0638b5af83976e61a214bd9c37,False,True,survivorship-biased exploratory evidence; not Formal Candidate,2020-12,22,5,0,2,19
0f6c05bff4831033,tgs_stable_v2_universe_lab,U15,43d5dd5aa6be3b0638b5af83976e61a214bd9c37,False,True,survivorship-biased exploratory evidence; not Formal Candidate,2021-01,19,9,4,5,13
0f6c05bff4831033,tgs_stable_v2_universe_lab,U15,43d5dd5aa6be3b0638b5af83976e61a214bd9c37,False,True,survivorship-biased exploratory evidence; not Formal Candidate,2021-02,18,10,3,5,12
0f6c05bff4831033,tgs_stable_v2_universe_lab,U15,43d5dd5aa6be3b0638b5af83976e61a214bd9c37,False,True,survivorship-biased exploratory evidence; not Formal Candidate,2021-03,23,8,1,4,17
0f6c05bff4831033,tgs_stable_v2_universe_lab,U15,43d5dd5aa6be3b0638b5af83976e61a214bd9c37,False,True,survivorship-biased exploratory evidence; not Formal Candidate,2021-04,21,1,1,1,20
0f6c05bff4831033,tgs_stable_v2_universe_lab,U15,43d5dd5aa6be3b0638b5af83976e61a214bd9c37,False,True,survivorship-biased exploratory evidence; not Formal Candidate,2021-05,18,4,1,2,15
0f6c05bff4831033,tgs_stable_v2_universe_lab,U15,43d5dd5aa6be3b0638b5af83976e61a214bd9c37,False,True,survivorship-biased exploratory evidence; not Formal Candidate,2021-06,22,13,2,4,13
0f6c05bff4831033,tgs_stable_v2_universe_lab,U15,43d5dd5aa6be3b0638b5af83976e61a214bd9c37,False,True,survivorship-biased exploratory evidence; not Formal Candidate,2021-07,20,5,2,3,16
0f6c05bff4831033,tgs_stable_v2_universe_lab,U15,43d5dd5aa6be3b0638b5af83976e61a214bd9c37,False,True,survivorship-biased exploratory evidence; not Formal Candidate,2021-08,21,11,2,4,11
0f6c05bff4831033,tgs_stable_v2_universe_lab,U15,43d5dd5aa6be3b0638b5af83976e61a214bd9c37,False,True,survivorship-biased exploratory evidence; not Formal Candidate,2021-09,20,13,2,5,12
0f6c05bff4831033,tgs_stable_v2_universe_lab,U15,43d5dd5aa6be3b0638b5af83976e61a214bd9c37,False,True,survivorship-biased exploratory evidence; not Formal Candidate,2021-10,21,7,1,2,15
0f6c05bff4831033,tgs_stable_v2_universe_lab,U15,43d5dd5aa6be3b0638b5af83976e61a214bd9c37,False,True,survivorship-biased exploratory evidence; not Formal Candidate,2021-11,20,23,5,6,6
0f6c05bff4831033,tgs_stable_v2_universe_lab,U15,43d5dd5aa6be3b0638b5af83976e61a214bd9c37,False,True,survivorship-biased exploratory evidence; not Formal Candidate,2021-12,22,22,3,5,7
0f6c05bff4831033,tgs_stable_v2_universe_lab,U15,43d5dd5aa6be3b0638b5af83976e61a214bd9c37,False,True,survivorship-biased exploratory evidence; not Formal Candidate,2022-01,19,13,0,7,12
0f6c05bff4831033,tgs_stable_v2_universe_lab,U15,43d5dd5aa6be3b0638b5af83976e61a214bd9c37,False,True,survivorship-biased exploratory evidence; not Formal Candidate,2022-02,18,18,4,8,9
0f6c05bff4831033,tgs_stable_v2_universe_lab,U15,43d5dd5aa6be3b0638b5af83976e61a214bd9c37,False,True,survivorship-biased exploratory evidence; not Formal Candidate,2022-03,22,11,3,7,16
0f6c05bff4831033,tgs_stable_v2_universe_lab,U15,43d5dd5aa6be3b0638b5af83976e61a214bd9c37,False,True,survivorship-biased exploratory evidence; not Formal Candidate,2022-04,20,6,1,4,17
0f6c05bff4831033,tgs_stable_v2_universe_lab,U15,43d5dd5aa6be3b0638b5af83976e61a214bd9c37,False,True,survivorship-biased exploratory evidence; not Formal Candidate,2022-05,19,21,5,8,8
0f6c05bff4831033,tgs_stable_v2_universe_lab,U15,43d5dd5aa6be3b0638b5af83976e61a214bd9c37,False,True,survivorship-biased exploratory evidence; not Formal Candidate,2022-06,22,23,6,8,12
0f6c05bff4831033,tgs_stable_v2_universe_lab,U15,43d5dd5aa6be3b0638b5af83976e61a214bd9c37,False,True,survivorship-biased exploratory evidence; not Formal Candidate,2022-07,20,2,0,2,19
0f6c05bff4831033,tgs_stable_v2_universe_lab,U15,43d5dd5aa6be3b0638b5af83976e61a214bd9c37,False,True,survivorship-biased exploratory evidence; not Formal Candidate,2022-08,22,18,4,7,9
0f6c05bff4831033,tgs_stable_v2_universe_lab,U15,43d5dd5aa6be3b0638b5af83976e61a214bd9c37,False,True,survivorship-biased exploratory evidence; not Formal Candidate,2022-09,20,16,3,7,8
0f6c05bff4831033,tgs_stable_v2_universe_lab,U15,43d5dd5aa6be3b0638b5af83976e61a214bd9c37,False,True,survivorship-biased exploratory evidence; not Formal Candidate,2022-10,20,1,0,1,19
0f6c05bff4831033,tgs_stable_v2_universe_lab,U15,43d5dd5aa6be3b0638b5af83976e61a214bd9c37,False,True,survivorship-biased exploratory evidence; not Formal Candidate,2022-11,20,26,6,8,7
0f6c05bff4831033,tgs_stable_v2_universe_lab,U15,43d5dd5aa6be3b0638b5af83976e61a214bd9c37,False,True,survivorship-biased exploratory evidence; not Formal Candidate,2022-12,22,8,3,4,16
0f6c05bff4831033,tgs_stable_v2_universe_lab,U15,43d5dd5aa6be3b0638b5af83976e61a214bd9c37,False,True,survivorship-biased exploratory evidence; not Formal Candidate,2023-01,19,6,2,3,14
0f6c05bff4831033,tgs_stable_v2_universe_lab,U15,43d5dd5aa6be3b0638b5af83976e61a214bd9c37,False,True,survivorship-biased exploratory evidence; not Formal Candidate,2023-02,19,15,3,6,9
0f6c05bff4831033,tgs_stable_v2_universe_lab,U15,43d5dd5aa6be3b0638b5af83976e61a214bd9c37,False,True,survivorship-biased exploratory evidence; not Formal Candidate,2023-03,22,19,2,7,12
0f6c05bff4831033,tgs_stable_v2_universe_lab,U15,43d5dd5aa6be3b0638b5af83976e61a214bd9c37,False,True,survivorship-biased exploratory evidence; not Formal Candidate,2023-04,20,24,5,6,8
0f6c05bff4831033,tgs_stable_v2_universe_lab,U15,43d5dd5aa6be3b0638b5af83976e61a214bd9c37,False,True,survivorship-biased exploratory evidence; not Formal Candidate,2023-05,20,30,7,13,6
0f6c05bff4831033,tgs_stable_v2_universe_lab,U15,43d5dd5aa6be3b0638b5af83976e61a214bd9c37,False,True,survivorship-biased exploratory evidence; not Formal Candidate,2023-06,22,7,3,6,16
0f6c05bff4831033,tgs_stable_v2_universe_lab,U15,43d5dd5aa6be3b0638b5af83976e61a214bd9c37,False,True,survivorship-biased exploratory evidence; not Formal Candidate,2023-07,20,9,1,3,14
0f6c05bff4831033,tgs_stable_v2_universe_lab,U15,43d5dd5aa6be3b0638b5af83976e61a214bd9c37,False,True,survivorship-biased exploratory evidence; not Formal Candidate,2023-08,22,17,5,7,13
0f6c05bff4831033,tgs_stable_v2_universe_lab,U15,43d5dd5aa6be3b0638b5af83976e61a214bd9c37,False,True,survivorship-biased exploratory evidence; not Formal Candidate,2023-09,20,21,4,8,7
0f6c05bff4831033,tgs_stable_v2_universe_lab,U15,43d5dd5aa6be3b0638b5af83976e61a214bd9c37,False,True,survivorship-biased exploratory evidence; not Formal Candidate,2023-10,21,2,1,2,20
0f6c05bff4831033,tgs_stable_v2_universe_lab,U15,43d5dd5aa6be3b0638b5af83976e61a214bd9c37,False,True,survivorship-biased exploratory evidence; not Formal Candidate,2023-11,20,16,4,5,10
0f6c05bff4831033,tgs_stable_v2_universe_lab,U15,43d5dd5aa6be3b0638b5af83976e61a214bd9c37,False,True,survivorship-biased exploratory evidence; not Formal Candidate,2023-12,21,2,0,2,19
0f6c05bff4831033,tgs_stable_v2_universe_lab,U15,43d5dd5aa6be3b0638b5af83976e61a214bd9c37,False,True,survivorship-biased exploratory evidence; not Formal Candidate,2024-01,19,30,6,10,5
0f6c05bff4831033,tgs_stable_v2_universe_lab,U15,43d5dd5aa6be3b0638b5af83976e61a214bd9c37,False,True,survivorship-biased exploratory evidence; not Formal Candidate,2024-02,19,24,4,12,10
0f6c05bff4831033,tgs_stable_v2_universe_lab,U15,43d5dd5aa6be3b0638b5af83976e61a214bd9c37,False,True,survivorship-biased exploratory evidence; not Formal Candidate,2024-03,20,9,1,7,16
0f6c05bff4831033,tgs_stable_v2_universe_lab,U15,43d5dd5aa6be3b0638b5af83976e61a214bd9c37,False,True,survivorship-biased exploratory evidence; not Formal Candidate,2024-04,21,8,4,5,15
0f6c05bff4831033,tgs_stable_v2_universe_lab,U15,43d5dd5aa6be3b0638b5af83976e61a214bd9c37,False,True,survivorship-biased exploratory evidence; not Formal Candidate,2024-05,21,17,7,11,12
0f6c05bff4831033,tgs_stable_v2_universe_lab,U15,43d5dd5aa6be3b0638b5af83976e61a214bd9c37,False,True,survivorship-biased exploratory evidence; not Formal Candidate,2024-06,20,11,1,4,11
0f6c05bff4831033,tgs_stable_v2_universe_lab,U15,43d5dd5aa6be3b0638b5af83976e61a214bd9c37,False,True,survivorship-biased exploratory evidence; not Formal Candidate,2024-07,22,8,1,3,17
0f6c05bff4831033,tgs_stable_v2_universe_lab,U15,43d5dd5aa6be3b0638b5af83976e61a214bd9c37,False,True,survivorship-biased exploratory evidence; not Formal Candidate,2024-08,21,10,3,2,11
0f6c05bff4831033,tgs_stable_v2_universe_lab,U15,43d5dd5aa6be3b0638b5af83976e61a214bd9c37,False,True,survivorship-biased exploratory evidence; not Formal Candidate,2024-09,19,2,1,1,17
0f6c05bff4831033,tgs_stable_v2_universe_lab,U15,43d5dd5aa6be3b0638b5af83976e61a214bd9c37,False,True,survivorship-biased exploratory evidence; not Formal Candidate,2024-10,22,9,2,3,13
0f6c05bff4831033,tgs_stable_v2_universe_lab,U15,43d5dd5aa6be3b0638b5af83976e61a214bd9c37,False,True,survivorship-biased exploratory evidence; not Formal Candidate,2024-11,20,31,5,6,6
0f6c05bff4831033,tgs_stable_v2_universe_lab,U15,43d5dd5aa6be3b0638b5af83976e61a214bd9c37,False,True,survivorship-biased exploratory evidence; not Formal Candidate,2024-12,21,11,2,5,12
0f6c05bff4831033,tgs_stable_v2_universe_lab,U15,43d5dd5aa6be3b0638b5af83976e61a214bd9c37,False,True,survivorship-biased exploratory evidence; not Formal Candidate,2025-01,19,19,5,6,9
0f6c05bff4831033,tgs_stable_v2_universe_lab,U15,43d5dd5aa6be3b0638b5af83976e61a214bd9c37,False,True,survivorship-biased exploratory evidence; not Formal Candidate,2025-02,18,19,2,8,6
0f6c05bff4831033,tgs_stable_v2_universe_lab,U15,43d5dd5aa6be3b0638b5af83976e61a214bd9c37,False,True,survivorship-biased exploratory evidence; not Formal Candidate,2025-03,20,14,2,5,10
0f6c05bff4831033,tgs_stable_v2_universe_lab,U15,43d5dd5aa6be3b0638b5af83976e61a214bd9c37,False,True,survivorship-biased exploratory evidence; not Formal Candidate,2025-04,21,12,2,5,14
0f6c05bff4831033,tgs_stable_v2_universe_lab,U15,43d5dd5aa6be3b0638b5af83976e61a214bd9c37,False,True,survivorship-biased exploratory evidence; not Formal Candidate,2025-05,20,18,6,8,10
0f6c05bff4831033,tgs_stable_v2_universe_lab,U15,43d5dd5aa6be3b0638b5af83976e61a214bd9c37,False,True,survivorship-biased exploratory evidence; not Formal Candidate,2025-06,21,13,4,8,13
0f6c05bff4831033,tgs_stable_v2_universe_lab,U15,43d5dd5aa6be3b0638b5af83976e61a214bd9c37,False,True,survivorship-biased exploratory evidence; not Formal Candidate,2025-07,22,9,1,4,14
0f6c05bff4831033,tgs_stable_v2_universe_lab,U15,43d5dd5aa6be3b0638b5af83976e61a214bd9c37,False,True,survivorship-biased exploratory evidence; not Formal Candidate,2025-08,20,13,3,5,9
0f6c05bff4831033,tgs_stable_v2_universe_lab,U15,43d5dd5aa6be3b0638b5af83976e61a214bd9c37,False,True,survivorship-biased exploratory evidence; not Formal Candidate,2025-09,20,4,3,4,18
0f6c05bff4831033,tgs_stable_v2_universe_lab,U15,43d5dd5aa6be3b0638b5af83976e61a214bd9c37,False,True,survivorship-biased exploratory evidence; not Formal Candidate,2025-10,22,20,6,8,11
0f6c05bff4831033,tgs_stable_v2_universe_lab,U15,43d5dd5aa6be3b0638b5af83976e61a214bd9c37,False,True,survivorship-biased exploratory evidence; not Formal Candidate,2025-11,18,22,6,10,9
0f6c05bff4831033,tgs_stable_v2_universe_lab,U15,43d5dd5aa6be3b0638b5af83976e61a214bd9c37,False,True,survivorship-biased exploratory evidence; not Formal Candidate,2025-12,22,5,1,3,19
0f6c05bff4831033,tgs_stable_v2_universe_lab,U15,43d5dd5aa6be3b0638b5af83976e61a214bd9c37,False,True,survivorship-biased exploratory evidence; not Formal Candidate,2026-01,19,17,5,7,11
0f6c05bff4831033,tgs_stable_v2_universe_lab,U15,43d5dd5aa6be3b0638b5af83976e61a214bd9c37,False,True,survivorship-biased exploratory evidence; not Formal Candidate,2026-02,18,14,3,5,8
0f6c05bff4831033,tgs_stable_v2_universe_lab,U15,43d5dd5aa6be3b0638b5af83976e61a214bd9c37,False,True,survivorship-biased exploratory evidence; not Formal Candidate,2026-03,21,11,6,7,15
0f6c05bff4831033,tgs_stable_v2_universe_lab,U15,43d5dd5aa6be3b0638b5af83976e61a214bd9c37,False,True,survivorship-biased exploratory evidence; not Formal Candidate,2026-04,21,4,1,1,17
0f6c05bff4831033,tgs_stable_v2_universe_lab,U15,43d5dd5aa6be3b0638b5af83976e61a214bd9c37,False,True,survivorship-biased exploratory evidence; not Formal Candidate,2026-05,18,13,5,5,9
0f6c05bff4831033,tgs_stable_v2_universe_lab,U15,43d5dd5aa6be3b0638b5af83976e61a214bd9c37,False,True,survivorship-biased exploratory evidence; not Formal Candidate,2026-06,22,1,1,1,21
0f6c05bff4831033,tgs_stable_v2_universe_lab,U15,43d5dd5aa6be3b0638b5af83976e61a214bd9c37,False,True,survivorship-biased exploratory evidence; not Formal Candidate,2026-07,17,5,1,1,12
