gate_id,model_id,base_commit,classification,source_run_id,universe_id,split,disposition_group,signal_count,contained_quality_count,cross_boundary_or_censored_count,capacity_binding_session_count,quality_scope,attribute_distribution_scope,trade_count,closed_trade_count,open_trade_count,win_rate,average_win,average_loss,payoff_ratio,expectancy_per_trade,profit_factor,max_consecutive_losses,average_holding_sessions,median_holding_sessions,sum_net_returns,sample_status,score_mean,score_p25,score_median,score_p75,liquidity_mean,liquidity_p25,liquidity_median,liquidity_p75,sector_distinct_count,sector_top_signal_share,sector_signal_hhi,score_90_share,score_100_share,score_120_share,rejected_minus_binding_accepted_expectancy,comparison_ci_low,comparison_ci_high,comparison_same_direction_fraction,comparison_status,priority_quality_effect
V2-R2B_ROOT_CAUSE_DIAGNOSTIC_AND_STOP_DECISION,TGS_STABLE_V2_ROOT_CAUSE_DIAGNOSTIC,9dae034999aa33b3f0d059adc059d3c8dbe659c2,POST_HOC_ASSOCIATION_DIAGNOSTIC_ONLY,v2-r2a-20260727-d3b8ed0-integrity1,U15_ADJUSTED_STATIC,overall,accepted_all,402,402,0,36,FROZEN_ONE_SHOT,SIGNAL_COHORT,402,402,0,0.5,0.13796887005575706,-0.09241621546010746,1.4929075960193687,0.022776327297824795,1.4929075960193687,13,43.52238805970149,59.5,9.156083573725567,SUFFICIENT,96.34328358208955,90.0,100.0,100.0,16352409083.868158,5298412606.25,9340826850.0,13529385087.5,4,0.43034825870646765,0.3059577733224425,0.48009950248756217,0.4626865671641791,0.05721393034825871,-0.06666307325591735,,,,INSUFFICIENT_SAMPLE,NOT_ROBUST
V2-R2B_ROOT_CAUSE_DIAGNOSTIC_AND_STOP_DECISION,TGS_STABLE_V2_ROOT_CAUSE_DIAGNOSTIC,9dae034999aa33b3f0d059adc059d3c8dbe659c2,POST_HOC_ASSOCIATION_DIAGNOSTIC_ONLY,v2-r2a-20260727-d3b8ed0-integrity1,U15_ADJUSTED_STATIC,overall,accepted_binding,9,9,0,36,FROZEN_ONE_SHOT,SIGNAL_COHORT,9,9,0,0.4444444444444444,0.26081661137978907,-0.08759983218433831,2.977364281143219,0.06725192051082941,2.3818914249145755,4,29.77777777777778,17.0,0.6052672845974647,INSUFFICIENT_SAMPLE,95.55555555555556,90.0,100.0,100.0,16414879336.666666,11109654750.0,13613502800.0,21213622050.0,4,0.5555555555555556,0.3827160493827161,0.4444444444444444,0.5555555555555556,0.0,-0.06666307325591735,,,,INSUFFICIENT_SAMPLE,NOT_ROBUST
V2-R2B_ROOT_CAUSE_DIAGNOSTIC_AND_STOP_DECISION,TGS_STABLE_V2_ROOT_CAUSE_DIAGNOSTIC,9dae034999aa33b3f0d059adc059d3c8dbe659c2,POST_HOC_ASSOCIATION_DIAGNOSTIC_ONLY,v2-r2a-20260727-d3b8ed0-integrity1,U15_ADJUSTED_STATIC,overall,capacity_rejected,40,40,0,36,FROZEN_ONE_SHOT,SIGNAL_COHORT,40,40,0,0.425,0.13898013995998196,-0.10170036909231352,1.3665647548813669,0.0005888472549120727,1.0100696014340538,7,36.25,37.0,0.023553890196482907,SUFFICIENT,94.75,90.0,90.0,100.0,9230448088.125,4726005575.0,7883645275.0,8746450437.5,4,0.525,0.37875000000000003,0.525,0.475,0.0,-0.06666307325591735,,,,INSUFFICIENT_SAMPLE,NOT_ROBUST
V2-R2B_ROOT_CAUSE_DIAGNOSTIC_AND_STOP_DECISION,TGS_STABLE_V2_ROOT_CAUSE_DIAGNOSTIC,9dae034999aa33b3f0d059adc059d3c8dbe659c2,POST_HOC_ASSOCIATION_DIAGNOSTIC_ONLY,v2-r2a-20260727-d3b8ed0-integrity1,U15_ADJUSTED_STATIC,overall,duplicate_rejected,1355,1354,1,36,COUNT_ONLY,SIGNAL_COHORT,1355,,,,,,,,,,,,,COUNT_ONLY,96.11070110701107,90.0,100.0,100.0,12323856149.317343,4834484487.5,9131187600.0,12660164125.0,4,0.45239852398523983,0.3168774934981822,0.44354243542435423,0.5291512915129152,0.02730627306273063,-0.06666307325591735,,,,INSUFFICIENT_SAMPLE,NOT_ROBUST
V2-R2B_ROOT_CAUSE_DIAGNOSTIC_AND_STOP_DECISION,TGS_STABLE_V2_ROOT_CAUSE_DIAGNOSTIC,9dae034999aa33b3f0d059adc059d3c8dbe659c2,POST_HOC_ASSOCIATION_DIAGNOSTIC_ONLY,v2-r2a-20260727-d3b8ed0-integrity1,U15_ADJUSTED_STATIC,overall,missing_next_session,0,0,0,36,COUNT_ONLY,SIGNAL_COHORT,0,,,,,,,,,,,,,COUNT_ONLY,,,,,,,,,0,,,,,,-0.06666307325591735,,,,INSUFFICIENT_SAMPLE,NOT_ROBUST
V2-R2B_ROOT_CAUSE_DIAGNOSTIC_AND_STOP_DECISION,TGS_STABLE_V2_ROOT_CAUSE_DIAGNOSTIC,9dae034999aa33b3f0d059adc059d3c8dbe659c2,POST_HOC_ASSOCIATION_DIAGNOSTIC_ONLY,v2-r2a-20260727-d3b8ed0-integrity1,U15_ADJUSTED_STATIC,overall,invalid_bar,0,0,0,36,COUNT_ONLY,SIGNAL_COHORT,0,,,,,,,,,,,,,COUNT_ONLY,,,,,,,,,0,,,,,,-0.06666307325591735,,,,INSUFFICIENT_SAMPLE,NOT_ROBUST
V2-R2B_ROOT_CAUSE_DIAGNOSTIC_AND_STOP_DECISION,TGS_STABLE_V2_ROOT_CAUSE_DIAGNOSTIC,9dae034999aa33b3f0d059adc059d3c8dbe659c2,POST_HOC_ASSOCIATION_DIAGNOSTIC_ONLY,v2-r2a-20260727-d3b8ed0-integrity1,U15_ADJUSTED_STATIC,development,accepted_all,224,219,5,26,FROZEN_ONE_SHOT,SIGNAL_COHORT,219,219,0,0.4155251141552511,0.10898550474632553,-0.09053597431946768,1.203781210348014,-0.0076297889542294075,0.8558132042317913,12,44.31506849315068,60.0,-1.6709237809762403,SUFFICIENT,96.20535714285714,90.0,100.0,100.0,7564987697.34375,4442493925.0,7487133937.5,10557192756.25,4,0.44642857142857145,0.31441326530612246,0.46875,0.48660714285714285,0.044642857142857144,0.04440659983508238,,,,INSUFFICIENT_SAMPLE,NOT_ROBUST
V2-R2B_ROOT_CAUSE_DIAGNOSTIC_AND_STOP_DECISION,TGS_STABLE_V2_ROOT_CAUSE_DIAGNOSTIC,9dae034999aa33b3f0d059adc059d3c8dbe659c2,POST_HOC_ASSOCIATION_DIAGNOSTIC_ONLY,v2-r2a-20260727-d3b8ed0-integrity1,U15_ADJUSTED_STATIC,development,accepted_binding,3,3,0,26,FROZEN_ONE_SHOT,SIGNAL_COHORT,3,3,0,0.0,,-0.10269640359640346,,-0.10269640359640346,0.0,3,20.666666666666668,17.0,-0.30808921078921037,INSUFFICIENT_SAMPLE,96.66666666666667,95.0,100.0,100.0,8535302068.333333,7248125727.5,8149125480.0,9629390115.0,2,0.6666666666666666,0.5555555555555556,0.3333333333333333,0.6666666666666666,0.0,0.04440659983508238,,,,INSUFFICIENT_SAMPLE,NOT_ROBUST
V2-R2B_ROOT_CAUSE_DIAGNOSTIC_AND_STOP_DECISION,TGS_STABLE_V2_ROOT_CAUSE_DIAGNOSTIC,9dae034999aa33b3f0d059adc059d3c8dbe659c2,POST_HOC_ASSOCIATION_DIAGNOSTIC_ONLY,v2-r2a-20260727-d3b8ed0-integrity1,U15_ADJUSTED_STATIC,development,capacity_rejected,29,29,0,26,FROZEN_ONE_SHOT,SIGNAL_COHORT,29,29,0,0.3103448275862069,0.04758105573023768,-0.10593169053252253,0.44916734068007363,-0.05828980376132108,0.20212530330603312,7,34.689655172413794,33.0,-1.6904043090783112,INSUFFICIENT_SAMPLE,95.86206896551724,90.0,100.0,100.0,7065444726.724138,4726005575.0,7722585050.0,8477203150.0,4,0.5517241379310345,0.39357907253269914,0.41379310344827586,0.5862068965517241,0.0,0.04440659983508238,,,,INSUFFICIENT_SAMPLE,NOT_ROBUST
V2-R2B_ROOT_CAUSE_DIAGNOSTIC_AND_STOP_DECISION,TGS_STABLE_V2_ROOT_CAUSE_DIAGNOSTIC,9dae034999aa33b3f0d059adc059d3c8dbe659c2,POST_HOC_ASSOCIATION_DIAGNOSTIC_ONLY,v2-r2a-20260727-d3b8ed0-integrity1,U15_ADJUSTED_STATIC,development,duplicate_rejected,744,725,19,26,COUNT_ONLY,SIGNAL_COHORT,744,,,,,,,,,,,,,COUNT_ONLY,96.49193548387096,90.0,100.0,100.0,7480439452.479838,4442431687.5,7505375012.5,10384481450.0,4,0.4489247311827957,0.3190831309978032,0.39381720430107525,0.5846774193548387,0.021505376344086023,0.04440659983508238,,,,INSUFFICIENT_SAMPLE,NOT_ROBUST
V2-R2B_ROOT_CAUSE_DIAGNOSTIC_AND_STOP_DECISION,TGS_STABLE_V2_ROOT_CAUSE_DIAGNOSTIC,9dae034999aa33b3f0d059adc059d3c8dbe659c2,POST_HOC_ASSOCIATION_DIAGNOSTIC_ONLY,v2-r2a-20260727-d3b8ed0-integrity1,U15_ADJUSTED_STATIC,development,missing_next_session,0,0,0,26,COUNT_ONLY,SIGNAL_COHORT,0,,,,,,,,,,,,,COUNT_ONLY,,,,,,,,,0,,,,,,0.04440659983508238,,,,INSUFFICIENT_SAMPLE,NOT_ROBUST
V2-R2B_ROOT_CAUSE_DIAGNOSTIC_AND_STOP_DECISION,TGS_STABLE_V2_ROOT_CAUSE_DIAGNOSTIC,9dae034999aa33b3f0d059adc059d3c8dbe659c2,POST_HOC_ASSOCIATION_DIAGNOSTIC_ONLY,v2-r2a-20260727-d3b8ed0-integrity1,U15_ADJUSTED_STATIC,development,invalid_bar,0,0,0,26,COUNT_ONLY,SIGNAL_COHORT,0,,,,,,,,,,,,,COUNT_ONLY,,,,,,,,,0,,,,,,0.04440659983508238,,,,INSUFFICIENT_SAMPLE,NOT_ROBUST
V2-R2B_ROOT_CAUSE_DIAGNOSTIC_AND_STOP_DECISION,TGS_STABLE_V2_ROOT_CAUSE_DIAGNOSTIC,9dae034999aa33b3f0d059adc059d3c8dbe659c2,POST_HOC_ASSOCIATION_DIAGNOSTIC_ONLY,v2-r2a-20260727-d3b8ed0-integrity1,U15_ADJUSTED_STATIC,validation,accepted_all,86,76,10,7,FROZEN_ONE_SHOT,SIGNAL_COHORT,76,76,0,0.618421052631579,0.12630237387760884,-0.09155798512342445,1.3794796129179485,0.043171447416688234,2.235708338177365,7,45.14473684210526,60.0,3.281030003668306,SUFFICIENT,98.6046511627907,90.0,100.0,100.0,10164106515.523256,4184476187.5,9310098150.0,13176948575.0,4,0.47674418604651164,0.330178474851271,0.3488372093023256,0.5465116279069767,0.10465116279069768,-0.04674602977546269,,,,INSUFFICIENT_SAMPLE,NOT_ROBUST
V2-R2B_ROOT_CAUSE_DIAGNOSTIC_AND_STOP_DECISION,TGS_STABLE_V2_ROOT_CAUSE_DIAGNOSTIC,9dae034999aa33b3f0d059adc059d3c8dbe659c2,POST_HOC_ASSOCIATION_DIAGNOSTIC_ONLY,v2-r2a-20260727-d3b8ed0-integrity1,U15_ADJUSTED_STATIC,validation,accepted_binding,4,2,2,7,FROZEN_ONE_SHOT,SIGNAL_COHORT,2,2,0,0.5,0.2961051948051949,-0.10269640359640353,2.8833063713592852,0.0967043956043957,2.8833063713592852,1,11.5,11.5,0.1934087912087914,INSUFFICIENT_SAMPLE,97.5,97.5,100.0,100.0,22913954800.0,19313592237.5,22906905775.0,26507268337.5,2,0.75,0.625,0.25,0.75,0.0,-0.04674602977546269,,,,INSUFFICIENT_SAMPLE,NOT_ROBUST
V2-R2B_ROOT_CAUSE_DIAGNOSTIC_AND_STOP_DECISION,TGS_STABLE_V2_ROOT_CAUSE_DIAGNOSTIC,9dae034999aa33b3f0d059adc059d3c8dbe659c2,POST_HOC_ASSOCIATION_DIAGNOSTIC_ONLY,v2-r2a-20260727-d3b8ed0-integrity1,U15_ADJUSTED_STATIC,validation,capacity_rejected,8,4,4,7,FROZEN_ONE_SHOT,SIGNAL_COHORT,4,4,0,0.5,0.15880586909604422,-0.058889137438178196,2.6966920556912313,0.04995836582893301,2.6966920556912313,2,53.75,56.5,0.19983346331573204,INSUFFICIENT_SAMPLE,92.5,90.0,90.0,92.5,9795857943.75,3533247118.75,9363022975.0,14782259937.5,3,0.375,0.34375,0.75,0.25,0.0,-0.04674602977546269,,,,INSUFFICIENT_SAMPLE,NOT_ROBUST
V2-R2B_ROOT_CAUSE_DIAGNOSTIC_AND_STOP_DECISION,TGS_STABLE_V2_ROOT_CAUSE_DIAGNOSTIC,9dae034999aa33b3f0d059adc059d3c8dbe659c2,POST_HOC_ASSOCIATION_DIAGNOSTIC_ONLY,v2-r2a-20260727-d3b8ed0-integrity1,U15_ADJUSTED_STATIC,validation,duplicate_rejected,345,299,46,7,COUNT_ONLY,SIGNAL_COHORT,345,,,,,,,,,,,,,COUNT_ONLY,96.43478260869566,90.0,100.0,100.0,9282100264.942028,3897685850.0,9109125575.0,12597027650.0,4,0.5043478260869565,0.344473850031506,0.4318840579710145,0.5304347826086957,0.03768115942028986,-0.04674602977546269,,,,INSUFFICIENT_SAMPLE,NOT_ROBUST
V2-R2B_ROOT_CAUSE_DIAGNOSTIC_AND_STOP_DECISION,TGS_STABLE_V2_ROOT_CAUSE_DIAGNOSTIC,9dae034999aa33b3f0d059adc059d3c8dbe659c2,POST_HOC_ASSOCIATION_DIAGNOSTIC_ONLY,v2-r2a-20260727-d3b8ed0-integrity1,U15_ADJUSTED_STATIC,validation,missing_next_session,0,0,0,7,COUNT_ONLY,SIGNAL_COHORT,0,,,,,,,,,,,,,COUNT_ONLY,,,,,,,,,0,,,,,,-0.04674602977546269,,,,INSUFFICIENT_SAMPLE,NOT_ROBUST
V2-R2B_ROOT_CAUSE_DIAGNOSTIC_AND_STOP_DECISION,TGS_STABLE_V2_ROOT_CAUSE_DIAGNOSTIC,9dae034999aa33b3f0d059adc059d3c8dbe659c2,POST_HOC_ASSOCIATION_DIAGNOSTIC_ONLY,v2-r2a-20260727-d3b8ed0-integrity1,U15_ADJUSTED_STATIC,validation,invalid_bar,0,0,0,7,COUNT_ONLY,SIGNAL_COHORT,0,,,,,,,,,,,,,COUNT_ONLY,,,,,,,,,0,,,,,,-0.04674602977546269,,,,INSUFFICIENT_SAMPLE,NOT_ROBUST
V2-R2B_ROOT_CAUSE_DIAGNOSTIC_AND_STOP_DECISION,TGS_STABLE_V2_ROOT_CAUSE_DIAGNOSTIC,9dae034999aa33b3f0d059adc059d3c8dbe659c2,POST_HOC_ASSOCIATION_DIAGNOSTIC_ONLY,v2-r2a-20260727-d3b8ed0-integrity1,U15_ADJUSTED_STATIC,final_holdout,accepted_all,92,92,0,3,FROZEN_ONE_SHOT,SIGNAL_COHORT,92,92,0,0.5543478260869565,0.20165864927234672,-0.0979173808176882,2.05947756760175,0.06815194021048333,2.561789169455835,13,39.40217391304348,47.0,6.269978499364466,SUFFICIENT,94.56521739130434,90.0,90.0,100.0,43532587469.29348,11186223837.5,18260204450.0,47183935937.5,4,0.34782608695652173,0.2870982986767486,0.6304347826086957,0.32608695652173914,0.043478260869565216,0.028725504536770252,,,,INSUFFICIENT_SAMPLE,NOT_ROBUST
V2-R2B_ROOT_CAUSE_DIAGNOSTIC_AND_STOP_DECISION,TGS_STABLE_V2_ROOT_CAUSE_DIAGNOSTIC,9dae034999aa33b3f0d059adc059d3c8dbe659c2,POST_HOC_ASSOCIATION_DIAGNOSTIC_ONLY,v2-r2a-20260727-d3b8ed0-integrity1,U15_ADJUSTED_STATIC,final_holdout,accepted_binding,2,2,0,3,FROZEN_ONE_SHOT,SIGNAL_COHORT,2,2,0,0.5,0.2961051948051949,-0.02721354653607766,10.880801383702087,0.13444582413455863,10.880801383702087,1,53.5,53.5,0.26889164826911727,INSUFFICIENT_SAMPLE,90.0,90.0,90.0,90.0,15236094312.5,14222550143.75,15236094312.5,16249638481.25,2,0.5,0.5,1.0,0.0,0.0,0.028725504536770252,,,,INSUFFICIENT_SAMPLE,NOT_ROBUST
V2-R2B_ROOT_CAUSE_DIAGNOSTIC_AND_STOP_DECISION,TGS_STABLE_V2_ROOT_CAUSE_DIAGNOSTIC,9dae034999aa33b3f0d059adc059d3c8dbe659c2,POST_HOC_ASSOCIATION_DIAGNOSTIC_ONLY,v2-r2a-20260727-d3b8ed0-integrity1,U15_ADJUSTED_STATIC,final_holdout,capacity_rejected,3,3,0,3,FROZEN_ONE_SHOT,SIGNAL_COHORT,3,3,0,0.6666666666666666,0.29610519480519504,-0.10269640359640342,2.8833063713592897,0.16317132867132889,5.766612742718579,1,30.666666666666668,34.0,0.48951398601398666,INSUFFICIENT_SAMPLE,90.0,90.0,90.0,90.0,28651054300.0,8653717600.0,9258589250.0,38952158475.0,2,0.6666666666666666,0.5555555555555556,1.0,0.0,0.0,0.028725504536770252,,,,INSUFFICIENT_SAMPLE,NOT_ROBUST
V2-R2B_ROOT_CAUSE_DIAGNOSTIC_AND_STOP_DECISION,TGS_STABLE_V2_ROOT_CAUSE_DIAGNOSTIC,9dae034999aa33b3f0d059adc059d3c8dbe659c2,POST_HOC_ASSOCIATION_DIAGNOSTIC_ONLY,v2-r2a-20260727-d3b8ed0-integrity1,U15_ADJUSTED_STATIC,final_holdout,duplicate_rejected,266,266,0,3,COUNT_ONLY,SIGNAL_COHORT,266,,,,,,,,,,,,,COUNT_ONLY,94.62406015037594,90.0,90.0,100.0,29815990745.394737,10757005143.75,16909624987.5,27797357575.0,4,0.39473684210526316,0.29085872576177285,0.5977443609022557,0.37218045112781956,0.03007518796992481,0.028725504536770252,,,,INSUFFICIENT_SAMPLE,NOT_ROBUST
V2-R2B_ROOT_CAUSE_DIAGNOSTIC_AND_STOP_DECISION,TGS_STABLE_V2_ROOT_CAUSE_DIAGNOSTIC,9dae034999aa33b3f0d059adc059d3c8dbe659c2,POST_HOC_ASSOCIATION_DIAGNOSTIC_ONLY,v2-r2a-20260727-d3b8ed0-integrity1,U15_ADJUSTED_STATIC,final_holdout,missing_next_session,0,0,0,3,COUNT_ONLY,SIGNAL_COHORT,0,,,,,,,,,,,,,COUNT_ONLY,,,,,,,,,0,,,,,,0.028725504536770252,,,,INSUFFICIENT_SAMPLE,NOT_ROBUST
V2-R2B_ROOT_CAUSE_DIAGNOSTIC_AND_STOP_DECISION,TGS_STABLE_V2_ROOT_CAUSE_DIAGNOSTIC,9dae034999aa33b3f0d059adc059d3c8dbe659c2,POST_HOC_ASSOCIATION_DIAGNOSTIC_ONLY,v2-r2a-20260727-d3b8ed0-integrity1,U15_ADJUSTED_STATIC,final_holdout,invalid_bar,0,0,0,3,COUNT_ONLY,SIGNAL_COHORT,0,,,,,,,,,,,,,COUNT_ONLY,,,,,,,,,0,,,,,,0.028725504536770252,,,,INSUFFICIENT_SAMPLE,NOT_ROBUST
V2-R2B_ROOT_CAUSE_DIAGNOSTIC_AND_STOP_DECISION,TGS_STABLE_V2_ROOT_CAUSE_DIAGNOSTIC,9dae034999aa33b3f0d059adc059d3c8dbe659c2,POST_HOC_ASSOCIATION_DIAGNOSTIC_ONLY,v2-r2a-20260727-d3b8ed0-integrity1,U50_PIT_LITE,overall,accepted_all,655,655,0,1330,FROZEN_ONE_SHOT,SIGNAL_COHORT,655,645,10,0.4325581395348837,0.14056371624557631,-0.089410885431375,1.5721096549643538,0.010066500410283024,1.1984114582924992,24,41.91937984496124,59.0,6.4928927646325505,SUFFICIENT,97.58778625954199,90.0,100.0,100.0,29063585822.290077,10854065700.0,16107325000.0,32600013950.0,28,0.17251908396946564,0.07541518559524502,0.3847328244274809,0.5435114503816794,0.0717557251908397,-0.0037979358900624826,-0.023925621322307047,0.0160791376857425,0.6288,SUFFICIENT,NOT_ROBUST
V2-R2B_ROOT_CAUSE_DIAGNOSTIC_AND_STOP_DECISION,TGS_STABLE_V2_ROOT_CAUSE_DIAGNOSTIC,9dae034999aa33b3f0d059adc059d3c8dbe659c2,POST_HOC_ASSOCIATION_DIAGNOSTIC_ONLY,v2-r2a-20260727-d3b8ed0-integrity1,U50_PIT_LITE,overall,accepted_binding,244,244,0,1330,FROZEN_ONE_SHOT,SIGNAL_COHORT,244,240,4,0.43333333333333335,0.15785407901422507,-0.08916286915860518,1.7704015191955098,0.017877808382954608,1.35383645585539,11,42.608333333333334,57.0,4.290674011909106,SUFFICIENT,99.8360655737705,90.0,100.0,100.0,35294918359.7541,13824256875.0,21232687650.0,44247896202.5,24,0.20081967213114754,0.09543805428648214,0.2540983606557377,0.6270491803278688,0.11885245901639344,-0.0037979358900624826,-0.023925621322307047,0.0160791376857425,0.6288,SUFFICIENT,NOT_ROBUST
V2-R2B_ROOT_CAUSE_DIAGNOSTIC_AND_STOP_DECISION,TGS_STABLE_V2_ROOT_CAUSE_DIAGNOSTIC,9dae034999aa33b3f0d059adc059d3c8dbe659c2,POST_HOC_ASSOCIATION_DIAGNOSTIC_ONLY,v2-r2a-20260727-d3b8ed0-integrity1,U50_PIT_LITE,overall,capacity_rejected,3193,3190,3,1330,FROZEN_ONE_SHOT,SIGNAL_COHORT,3190,3179,11,0.4617804340987732,0.13757882899601204,-0.09187948936951584,1.4973834741582543,0.014079872492892125,1.284721765087269,126,43.43630072349796,60.0,44.759914654904065,SUFFICIENT,96.78672095208267,90.0,100.0,100.0,21346053012.49765,9647769350.0,13081056000.0,21021767150.0,29,0.16379580331976198,0.07052942012500135,0.39711869715001563,0.5649859066708425,0.03789539617914187,-0.0037979358900624826,-0.023925621322307047,0.0160791376857425,0.6288,SUFFICIENT,NOT_ROBUST
V2-R2B_ROOT_CAUSE_DIAGNOSTIC_AND_STOP_DECISION,TGS_STABLE_V2_ROOT_CAUSE_DIAGNOSTIC,9dae034999aa33b3f0d059adc059d3c8dbe659c2,POST_HOC_ASSOCIATION_DIAGNOSTIC_ONLY,v2-r2a-20260727-d3b8ed0-integrity1,U50_PIT_LITE,overall,duplicate_rejected,1977,1975,2,1330,COUNT_ONLY,SIGNAL_COHORT,1977,,,,,,,,,,,,,COUNT_ONLY,96.65149215983814,90.0,100.0,100.0,25903294059.329792,10671900450.0,15539796350.0,28624729325.0,28,0.165402124430956,0.07699341619315095,0.4026302478502782,0.5634800202326757,0.03388973191704603,-0.0037979358900624826,-0.023925621322307047,0.0160791376857425,0.6288,SUFFICIENT,NOT_ROBUST
V2-R2B_ROOT_CAUSE_DIAGNOSTIC_AND_STOP_DECISION,TGS_STABLE_V2_ROOT_CAUSE_DIAGNOSTIC,9dae034999aa33b3f0d059adc059d3c8dbe659c2,POST_HOC_ASSOCIATION_DIAGNOSTIC_ONLY,v2-r2a-20260727-d3b8ed0-integrity1,U50_PIT_LITE,overall,missing_next_session,0,0,0,1330,COUNT_ONLY,SIGNAL_COHORT,0,,,,,,,,,,,,,COUNT_ONLY,,,,,,,,,0,,,,,,-0.0037979358900624826,-0.023925621322307047,0.0160791376857425,0.6288,SUFFICIENT,NOT_ROBUST
V2-R2B_ROOT_CAUSE_DIAGNOSTIC_AND_STOP_DECISION,TGS_STABLE_V2_ROOT_CAUSE_DIAGNOSTIC,9dae034999aa33b3f0d059adc059d3c8dbe659c2,POST_HOC_ASSOCIATION_DIAGNOSTIC_ONLY,v2-r2a-20260727-d3b8ed0-integrity1,U50_PIT_LITE,overall,invalid_bar,0,0,0,1330,COUNT_ONLY,SIGNAL_COHORT,0,,,,,,,,,,,,,COUNT_ONLY,,,,,,,,,0,,,,,,-0.0037979358900624826,-0.023925621322307047,0.0160791376857425,0.6288,SUFFICIENT,NOT_ROBUST
V2-R2B_ROOT_CAUSE_DIAGNOSTIC_AND_STOP_DECISION,TGS_STABLE_V2_ROOT_CAUSE_DIAGNOSTIC,9dae034999aa33b3f0d059adc059d3c8dbe659c2,POST_HOC_ASSOCIATION_DIAGNOSTIC_ONLY,v2-r2a-20260727-d3b8ed0-integrity1,U50_PIT_LITE,development,accepted_all,362,352,10,691,FROZEN_ONE_SHOT,SIGNAL_COHORT,352,352,0,0.4318181818181818,0.11761894499065507,-0.08770623573033344,1.3410556730799956,0.0009569104900934105,1.0192023115407967,24,44.05113636363637,60.0,0.3368324925128805,SUFFICIENT,97.01657458563535,90.0,100.0,100.0,17963497020.469612,9543519987.5,12569223125.0,18304036250.0,26,0.17403314917127072,0.08282714202863159,0.4198895027624309,0.5193370165745856,0.06077348066298342,-0.0015177051809232664,-0.029600793629691372,0.02624441984276642,0.532,SUFFICIENT,NOT_ROBUST
V2-R2B_ROOT_CAUSE_DIAGNOSTIC_AND_STOP_DECISION,TGS_STABLE_V2_ROOT_CAUSE_DIAGNOSTIC,9dae034999aa33b3f0d059adc059d3c8dbe659c2,POST_HOC_ASSOCIATION_DIAGNOSTIC_ONLY,v2-r2a-20260727-d3b8ed0-integrity1,U50_PIT_LITE,development,accepted_binding,116,113,3,691,FROZEN_ONE_SHOT,SIGNAL_COHORT,113,113,0,0.40707964601769914,0.13345407179947222,-0.08588590945216003,1.553852927106844,0.0034029324732831935,1.0668243977151466,9,45.1858407079646,60.0,0.38453136948100086,SUFFICIENT,99.56896551724138,90.0,100.0,100.0,21366001361.12069,11466506100.0,15006698237.5,23829121300.0,20,0.19827586206896552,0.1006242568370987,0.2672413793103448,0.6206896551724138,0.11206896551724138,-0.0015177051809232664,-0.029600793629691372,0.02624441984276642,0.532,SUFFICIENT,NOT_ROBUST
V2-R2B_ROOT_CAUSE_DIAGNOSTIC_AND_STOP_DECISION,TGS_STABLE_V2_ROOT_CAUSE_DIAGNOSTIC,9dae034999aa33b3f0d059adc059d3c8dbe659c2,POST_HOC_ASSOCIATION_DIAGNOSTIC_ONLY,v2-r2a-20260727-d3b8ed0-integrity1,U50_PIT_LITE,development,capacity_rejected,1657,1616,41,691,FROZEN_ONE_SHOT,SIGNAL_COHORT,1616,1616,0,0.43254950495049505,0.12182366982366165,-0.08954004133291804,1.3605496268502952,0.001885227292359927,1.03710380498185,126,44.12252475247525,60.0,3.046527304453642,SUFFICIENT,96.54797827398913,90.0,100.0,100.0,15039127896.071213,8640012650.0,10898835300.0,15352833900.0,25,0.1756185878092939,0.07703643109516183,0.407966203983102,0.5606517803258901,0.03138201569100785,-0.0015177051809232664,-0.029600793629691372,0.02624441984276642,0.532,SUFFICIENT,NOT_ROBUST
V2-R2B_ROOT_CAUSE_DIAGNOSTIC_AND_STOP_DECISION,TGS_STABLE_V2_ROOT_CAUSE_DIAGNOSTIC,9dae034999aa33b3f0d059adc059d3c8dbe659c2,POST_HOC_ASSOCIATION_DIAGNOSTIC_ONLY,v2-r2a-20260727-d3b8ed0-integrity1,U50_PIT_LITE,development,duplicate_rejected,1116,1091,25,691,COUNT_ONLY,SIGNAL_COHORT,1116,,,,,,,,,,,,,COUNT_ONLY,96.37992831541219,90.0,100.0,100.0,17473134110.32706,9634944600.0,12324551375.0,17040049800.0,26,0.14157706093189965,0.0821064734522938,0.41397849462365593,0.5600358422939068,0.025985663082437275,-0.0015177051809232664,-0.029600793629691372,0.02624441984276642,0.532,SUFFICIENT,NOT_ROBUST
V2-R2B_ROOT_CAUSE_DIAGNOSTIC_AND_STOP_DECISION,TGS_STABLE_V2_ROOT_CAUSE_DIAGNOSTIC,9dae034999aa33b3f0d059adc059d3c8dbe659c2,POST_HOC_ASSOCIATION_DIAGNOSTIC_ONLY,v2-r2a-20260727-d3b8ed0-integrity1,U50_PIT_LITE,development,missing_next_session,0,0,0,691,COUNT_ONLY,SIGNAL_COHORT,0,,,,,,,,,,,,,COUNT_ONLY,,,,,,,,,0,,,,,,-0.0015177051809232664,-0.029600793629691372,0.02624441984276642,0.532,SUFFICIENT,NOT_ROBUST
V2-R2B_ROOT_CAUSE_DIAGNOSTIC_AND_STOP_DECISION,TGS_STABLE_V2_ROOT_CAUSE_DIAGNOSTIC,9dae034999aa33b3f0d059adc059d3c8dbe659c2,POST_HOC_ASSOCIATION_DIAGNOSTIC_ONLY,v2-r2a-20260727-d3b8ed0-integrity1,U50_PIT_LITE,development,invalid_bar,0,0,0,691,COUNT_ONLY,SIGNAL_COHORT,0,,,,,,,,,,,,,COUNT_ONLY,,,,,,,,,0,,,,,,-0.0015177051809232664,-0.029600793629691372,0.02624441984276642,0.532,SUFFICIENT,NOT_ROBUST
V2-R2B_ROOT_CAUSE_DIAGNOSTIC_AND_STOP_DECISION,TGS_STABLE_V2_ROOT_CAUSE_DIAGNOSTIC,9dae034999aa33b3f0d059adc059d3c8dbe659c2,POST_HOC_ASSOCIATION_DIAGNOSTIC_ONLY,v2-r2a-20260727-d3b8ed0-integrity1,U50_PIT_LITE,validation,accepted_all,125,115,10,324,FROZEN_ONE_SHOT,SIGNAL_COHORT,115,115,0,0.4434782608695652,0.14754848943883506,-0.08029322771792266,1.837620601792049,0.020749620760291628,1.4643539170530389,6,44.834782608695654,60.0,2.3862063874335373,SUFFICIENT,98.4,90.0,100.0,100.0,28277271126.12,11582359900.0,16804502350.0,32307138200.0,22,0.168,0.08044799999999998,0.32,0.6,0.08,-0.01605291703911694,-0.061397371638152565,0.02298804588525135,0.758,SUFFICIENT,NOT_ROBUST
V2-R2B_ROOT_CAUSE_DIAGNOSTIC_AND_STOP_DECISION,TGS_STABLE_V2_ROOT_CAUSE_DIAGNOSTIC,9dae034999aa33b3f0d059adc059d3c8dbe659c2,POST_HOC_ASSOCIATION_DIAGNOSTIC_ONLY,v2-r2a-20260727-d3b8ed0-integrity1,U50_PIT_LITE,validation,accepted_binding,55,50,5,324,FROZEN_ONE_SHOT,SIGNAL_COHORT,50,50,0,0.46,0.16487718537433035,-0.08386131002734458,1.9660697563699996,0.03055839785742589,1.6748001628337035,6,43.12,60.0,1.5279198928712945,SUFFICIENT,101.0909090909091,100.0,100.0,100.0,38144006168.36364,15728986875.0,22668692000.0,44743773375.0,16,0.2727272727272727,0.1259504132231405,0.18181818181818182,0.6727272727272727,0.14545454545454545,-0.01605291703911694,-0.061397371638152565,0.02298804588525135,0.758,SUFFICIENT,NOT_ROBUST
V2-R2B_ROOT_CAUSE_DIAGNOSTIC_AND_STOP_DECISION,TGS_STABLE_V2_ROOT_CAUSE_DIAGNOSTIC,9dae034999aa33b3f0d059adc059d3c8dbe659c2,POST_HOC_ASSOCIATION_DIAGNOSTIC_ONLY,v2-r2a-20260727-d3b8ed0-integrity1,U50_PIT_LITE,validation,capacity_rejected,798,678,120,324,FROZEN_ONE_SHOT,SIGNAL_COHORT,678,678,0,0.4557522123893805,0.14039886745535132,-0.09091743644685661,1.54424577883273,0.01450548081830895,1.293148904225782,33,42.575221238938056,58.0,9.834715994813468,SUFFICIENT,97.43107769423558,90.0,100.0,100.0,19575918015.175438,10890493700.0,14347073650.0,21187969050.0,24,0.16290726817042606,0.07229225947073196,0.35964912280701755,0.5889724310776943,0.05137844611528822,-0.01605291703911694,-0.061397371638152565,0.02298804588525135,0.758,SUFFICIENT,NOT_ROBUST
V2-R2B_ROOT_CAUSE_DIAGNOSTIC_AND_STOP_DECISION,TGS_STABLE_V2_ROOT_CAUSE_DIAGNOSTIC,9dae034999aa33b3f0d059adc059d3c8dbe659c2,POST_HOC_ASSOCIATION_DIAGNOSTIC_ONLY,v2-r2a-20260727-d3b8ed0-integrity1,U50_PIT_LITE,validation,duplicate_rejected,404,359,45,324,COUNT_ONLY,SIGNAL_COHORT,404,,,,,,,,,,,,,COUNT_ONLY,96.23762376237623,90.0,100.0,100.0,27251170534.12129,11384076550.0,16839376975.0,30627103862.5,21,0.19554455445544555,0.08524899519654938,0.4603960396039604,0.4975247524752475,0.04207920792079208,-0.01605291703911694,-0.061397371638152565,0.02298804588525135,0.758,SUFFICIENT,NOT_ROBUST
V2-R2B_ROOT_CAUSE_DIAGNOSTIC_AND_STOP_DECISION,TGS_STABLE_V2_ROOT_CAUSE_DIAGNOSTIC,9dae034999aa33b3f0d059adc059d3c8dbe659c2,POST_HOC_ASSOCIATION_DIAGNOSTIC_ONLY,v2-r2a-20260727-d3b8ed0-integrity1,U50_PIT_LITE,validation,missing_next_session,0,0,0,324,COUNT_ONLY,SIGNAL_COHORT,0,,,,,,,,,,,,,COUNT_ONLY,,,,,,,,,0,,,,,,-0.01605291703911694,-0.061397371638152565,0.02298804588525135,0.758,SUFFICIENT,NOT_ROBUST
V2-R2B_ROOT_CAUSE_DIAGNOSTIC_AND_STOP_DECISION,TGS_STABLE_V2_ROOT_CAUSE_DIAGNOSTIC,9dae034999aa33b3f0d059adc059d3c8dbe659c2,POST_HOC_ASSOCIATION_DIAGNOSTIC_ONLY,v2-r2a-20260727-d3b8ed0-integrity1,U50_PIT_LITE,validation,invalid_bar,0,0,0,324,COUNT_ONLY,SIGNAL_COHORT,0,,,,,,,,,,,,,COUNT_ONLY,,,,,,,,,0,,,,,,-0.01605291703911694,-0.061397371638152565,0.02298804588525135,0.758,SUFFICIENT,NOT_ROBUST
V2-R2B_ROOT_CAUSE_DIAGNOSTIC_AND_STOP_DECISION,TGS_STABLE_V2_ROOT_CAUSE_DIAGNOSTIC,9dae034999aa33b3f0d059adc059d3c8dbe659c2,POST_HOC_ASSOCIATION_DIAGNOSTIC_ONLY,v2-r2a-20260727-d3b8ed0-integrity1,U50_PIT_LITE,final_holdout,accepted_all,168,168,0,315,FROZEN_ONE_SHOT,SIGNAL_COHORT,168,158,10,0.3987341772151899,0.18402043162186862,-0.10089702578733747,1.8238439655271097,0.01270930216696627,1.2094965245074516,19,33.360759493670884,29.5,2.0080697423806706,SUFFICIENT,98.21428571428571,90.0,100.0,100.0,53566689889.434525,19247266537.5,35485208625.0,69123492043.75,18,0.17261904761904762,0.08574263038548752,0.35714285714285715,0.5535714285714286,0.08928571428571429,-0.007440068443380257,-0.04784474659490736,0.028863410364679373,0.6358,SUFFICIENT,NOT_ROBUST
V2-R2B_ROOT_CAUSE_DIAGNOSTIC_AND_STOP_DECISION,TGS_STABLE_V2_ROOT_CAUSE_DIAGNOSTIC,9dae034999aa33b3f0d059adc059d3c8dbe659c2,POST_HOC_ASSOCIATION_DIAGNOSTIC_ONLY,v2-r2a-20260727-d3b8ed0-integrity1,U50_PIT_LITE,final_holdout,accepted_binding,73,73,0,315,FROZEN_ONE_SHOT,SIGNAL_COHORT,73,69,4,0.4492753623188406,0.18537292446448225,-0.10164348451860908,1.8237560955571515,0.02730591661872181,1.4878010253229392,7,37.11594202898551,46.0,1.8841082466918049,SUFFICIENT,99.31506849315069,90.0,100.0,100.0,55281966885.34247,24779798575.0,41367411350.0,75143232950.0,15,0.2054794520547945,0.10940138862826045,0.2876712328767123,0.6027397260273972,0.1095890410958904,-0.007440068443380257,-0.04784474659490736,0.028863410364679373,0.6358,SUFFICIENT,NOT_ROBUST
V2-R2B_ROOT_CAUSE_DIAGNOSTIC_AND_STOP_DECISION,TGS_STABLE_V2_ROOT_CAUSE_DIAGNOSTIC,9dae034999aa33b3f0d059adc059d3c8dbe659c2,POST_HOC_ASSOCIATION_DIAGNOSTIC_ONLY,v2-r2a-20260727-d3b8ed0-integrity1,U50_PIT_LITE,final_holdout,capacity_rejected,738,738,0,315,FROZEN_ONE_SHOT,SIGNAL_COHORT,738,727,11,0.45667125171939477,0.16017748251964306,-0.09806696853936249,1.633347955028817,0.019865848175341552,1.3728392938470058,48,40.305364511691884,49.0,14.44247162347331,SUFFICIENT,96.6260162601626,90.0,100.0,100.0,37420772044.72222,13470957125.0,20820391912.5,44426734250.0,23,0.13821138211382114,0.077033805568408,0.4132791327913279,0.5487804878048781,0.037940379403794036,-0.007440068443380257,-0.04784474659490736,0.028863410364679373,0.6358,SUFFICIENT,NOT_ROBUST
V2-R2B_ROOT_CAUSE_DIAGNOSTIC_AND_STOP_DECISION,TGS_STABLE_V2_ROOT_CAUSE_DIAGNOSTIC,9dae034999aa33b3f0d059adc059d3c8dbe659c2,POST_HOC_ASSOCIATION_DIAGNOSTIC_ONLY,v2-r2a-20260727-d3b8ed0-integrity1,U50_PIT_LITE,final_holdout,duplicate_rejected,457,457,0,315,COUNT_ONLY,SIGNAL_COHORT,457,,,,,,,,,,,,,COUNT_ONLY,97.68052516411379,90.0,100.0,100.0,45298297138.69803,19148967500.0,30039796925.0,56595798500.0,18,0.19693654266958424,0.09170740582909183,0.3238512035010941,0.6301969365426696,0.045951859956236324,-0.007440068443380257,-0.04784474659490736,0.028863410364679373,0.6358,SUFFICIENT,NOT_ROBUST
V2-R2B_ROOT_CAUSE_DIAGNOSTIC_AND_STOP_DECISION,TGS_STABLE_V2_ROOT_CAUSE_DIAGNOSTIC,9dae034999aa33b3f0d059adc059d3c8dbe659c2,POST_HOC_ASSOCIATION_DIAGNOSTIC_ONLY,v2-r2a-20260727-d3b8ed0-integrity1,U50_PIT_LITE,final_holdout,missing_next_session,0,0,0,315,COUNT_ONLY,SIGNAL_COHORT,0,,,,,,,,,,,,,COUNT_ONLY,,,,,,,,,0,,,,,,-0.007440068443380257,-0.04784474659490736,0.028863410364679373,0.6358,SUFFICIENT,NOT_ROBUST
V2-R2B_ROOT_CAUSE_DIAGNOSTIC_AND_STOP_DECISION,TGS_STABLE_V2_ROOT_CAUSE_DIAGNOSTIC,9dae034999aa33b3f0d059adc059d3c8dbe659c2,POST_HOC_ASSOCIATION_DIAGNOSTIC_ONLY,v2-r2a-20260727-d3b8ed0-integrity1,U50_PIT_LITE,final_holdout,invalid_bar,0,0,0,315,COUNT_ONLY,SIGNAL_COHORT,0,,,,,,,,,,,,,COUNT_ONLY,,,,,,,,,0,,,,,,-0.007440068443380257,-0.04784474659490736,0.028863410364679373,0.6358,SUFFICIENT,NOT_ROBUST
V2-R2B_ROOT_CAUSE_DIAGNOSTIC_AND_STOP_DECISION,TGS_STABLE_V2_ROOT_CAUSE_DIAGNOSTIC,9dae034999aa33b3f0d059adc059d3c8dbe659c2,POST_HOC_ASSOCIATION_DIAGNOSTIC_ONLY,v2-r2a-20260727-d3b8ed0-integrity1,U100_PIT_LITE,overall,accepted_all,712,712,0,2256,FROZEN_ONE_SHOT,SIGNAL_COHORT,712,702,10,0.43447293447293445,0.14655922320711146,-0.09190536902744388,1.5946753139454495,0.011701042128595142,1.2251283898069576,22,41.00569800569801,53.5,8.21413157427379,SUFFICIENT,98.3567415730337,90.0,100.0,100.0,20655563559.88062,7223103518.75,11455056300.0,20763568087.5,30,0.17837078651685392,0.07029573286201238,0.3553370786516854,0.5491573033707865,0.09550561797752809,-0.00037808601074750675,-0.014642657310590883,0.014021170756311308,0.5253,SUFFICIENT,NOT_ROBUST
V2-R2B_ROOT_CAUSE_DIAGNOSTIC_AND_STOP_DECISION,TGS_STABLE_V2_ROOT_CAUSE_DIAGNOSTIC,9dae034999aa33b3f0d059adc059d3c8dbe659c2,POST_HOC_ASSOCIATION_DIAGNOSTIC_ONLY,v2-r2a-20260727-d3b8ed0-integrity1,U100_PIT_LITE,overall,accepted_binding,449,449,0,2256,FROZEN_ONE_SHOT,SIGNAL_COHORT,449,442,7,0.4298642533936652,0.14964557819614394,-0.09188719052708902,1.628579319247195,0.011939112770228298,1.2278971057816153,13,40.678733031674206,53.0,5.277087844440907,SUFFICIENT,99.9109131403118,90.0,100.0,100.0,24730103610.645878,8850456900.0,14241936550.0,28043246850.0,30,0.20044543429844097,0.08044106924072798,0.2583518930957684,0.6169265033407573,0.12472160356347439,-0.00037808601074750675,-0.014642657310590883,0.014021170756311308,0.5253,SUFFICIENT,NOT_ROBUST
V2-R2B_ROOT_CAUSE_DIAGNOSTIC_AND_STOP_DECISION,TGS_STABLE_V2_ROOT_CAUSE_DIAGNOSTIC,9dae034999aa33b3f0d059adc059d3c8dbe659c2,POST_HOC_ASSOCIATION_DIAGNOSTIC_ONLY,v2-r2a-20260727-d3b8ed0-integrity1,U100_PIT_LITE,overall,capacity_rejected,8858,8848,10,2256,FROZEN_ONE_SHOT,SIGNAL_COHORT,8848,8765,83,0.4606959498003423,0.1323509255589492,-0.09162272855091763,1.4445206735509697,0.011561026759480791,1.2339696382057999,285,43.5030233884769,60.0,101.33239954684913,SUFFICIENT,96.42357191239557,90.0,100.0,100.0,14464049476.14247,6074077112.5,9134925675.0,13999449175.0,30,0.15522691352449763,0.061399443445290504,0.4314743734477309,0.531609844208625,0.03691578234364416,-0.00037808601074750675,-0.014642657310590883,0.014021170756311308,0.5253,SUFFICIENT,NOT_ROBUST
V2-R2B_ROOT_CAUSE_DIAGNOSTIC_AND_STOP_DECISION,TGS_STABLE_V2_ROOT_CAUSE_DIAGNOSTIC,9dae034999aa33b3f0d059adc059d3c8dbe659c2,POST_HOC_ASSOCIATION_DIAGNOSTIC_ONLY,v2-r2a-20260727-d3b8ed0-integrity1,U100_PIT_LITE,overall,duplicate_rejected,2245,2245,0,2256,COUNT_ONLY,SIGNAL_COHORT,2245,,,,,,,,,,,,,COUNT_ONLY,96.84187082405346,90.0,100.0,100.0,18966426209.58352,6933823750.0,10688064300.0,18217461500.0,30,0.15412026726057906,0.06378281853760646,0.399554565701559,0.5585746102449889,0.04187082405345212,-0.00037808601074750675,-0.014642657310590883,0.014021170756311308,0.5253,SUFFICIENT,NOT_ROBUST
V2-R2B_ROOT_CAUSE_DIAGNOSTIC_AND_STOP_DECISION,TGS_STABLE_V2_ROOT_CAUSE_DIAGNOSTIC,9dae034999aa33b3f0d059adc059d3c8dbe659c2,POST_HOC_ASSOCIATION_DIAGNOSTIC_ONLY,v2-r2a-20260727-d3b8ed0-integrity1,U100_PIT_LITE,overall,missing_next_session,1,0,1,2256,COUNT_ONLY,SIGNAL_COHORT,1,,,,,,,,,,,,,COUNT_ONLY,100.0,100.0,100.0,100.0,10882814000.0,10882814000.0,10882814000.0,10882814000.0,1,1.0,1.0,0.0,1.0,0.0,-0.00037808601074750675,-0.014642657310590883,0.014021170756311308,0.5253,SUFFICIENT,NOT_ROBUST
V2-R2B_ROOT_CAUSE_DIAGNOSTIC_AND_STOP_DECISION,TGS_STABLE_V2_ROOT_CAUSE_DIAGNOSTIC,9dae034999aa33b3f0d059adc059d3c8dbe659c2,POST_HOC_ASSOCIATION_DIAGNOSTIC_ONLY,v2-r2a-20260727-d3b8ed0-integrity1,U100_PIT_LITE,overall,invalid_bar,0,0,0,2256,COUNT_ONLY,SIGNAL_COHORT,0,,,,,,,,,,,,,COUNT_ONLY,,,,,,,,,0,,,,,,-0.00037808601074750675,-0.014642657310590883,0.014021170756311308,0.5253,SUFFICIENT,NOT_ROBUST
V2-R2B_ROOT_CAUSE_DIAGNOSTIC_AND_STOP_DECISION,TGS_STABLE_V2_ROOT_CAUSE_DIAGNOSTIC,9dae034999aa33b3f0d059adc059d3c8dbe659c2,POST_HOC_ASSOCIATION_DIAGNOSTIC_ONLY,v2-r2a-20260727-d3b8ed0-integrity1,U100_PIT_LITE,development,accepted_all,413,403,10,1271,FROZEN_ONE_SHOT,SIGNAL_COHORT,403,403,0,0.42431761786600497,0.12633454520543427,-0.09057764529654863,1.3947651740318328,0.0014620186633498328,1.0280381239631182,22,42.10669975186104,59.0,0.5891935213299826,SUFFICIENT,97.72397094430993,90.0,100.0,100.0,14223961812.4092,6131914000.0,9372393100.0,15192505800.0,29,0.17191283292978207,0.0753184928093616,0.37772397094430993,0.5472154963680388,0.07506053268765134,0.004528408531414615,-0.012992482846431978,0.02249275772311458,0.6889,SUFFICIENT,NOT_ROBUST
V2-R2B_ROOT_CAUSE_DIAGNOSTIC_AND_STOP_DECISION,TGS_STABLE_V2_ROOT_CAUSE_DIAGNOSTIC,9dae034999aa33b3f0d059adc059d3c8dbe659c2,POST_HOC_ASSOCIATION_DIAGNOSTIC_ONLY,v2-r2a-20260727-d3b8ed0-integrity1,U100_PIT_LITE,development,accepted_binding,243,237,6,1271,FROZEN_ONE_SHOT,SIGNAL_COHORT,237,237,0,0.41350210970464135,0.11647969224356311,-0.09033657841264782,1.2893967680677072,-0.004817614175058485,0.9090711026664411,13,42.527426160337555,60.0,-1.1417745594888609,SUFFICIENT,98.97119341563786,90.0,100.0,100.0,16039071056.296297,6850010462.5,10663180450.0,17980794737.5,27,0.18518518518518517,0.0834730478077529,0.29218106995884774,0.6131687242798354,0.09465020576131687,0.004528408531414615,-0.012992482846431978,0.02249275772311458,0.6889,SUFFICIENT,NOT_ROBUST
V2-R2B_ROOT_CAUSE_DIAGNOSTIC_AND_STOP_DECISION,TGS_STABLE_V2_ROOT_CAUSE_DIAGNOSTIC,9dae034999aa33b3f0d059adc059d3c8dbe659c2,POST_HOC_ASSOCIATION_DIAGNOSTIC_ONLY,v2-r2a-20260727-d3b8ed0-integrity1,U100_PIT_LITE,development,capacity_rejected,4889,4788,101,1271,FROZEN_ONE_SHOT,SIGNAL_COHORT,4788,4788,0,0.4342105263157895,0.11729624967270531,-0.09052920623526067,1.295673015931283,-0.0002892056436438698,0.9943537099007521,285,44.017752715121134,60.0,-1.3847166217668487,SUFFICIENT,96.2016772346083,90.0,100.0,100.0,10065092629.325016,5272697450.0,7302934850.0,11010446875.0,30,0.15647371650644304,0.0647170205772067,0.4411945183064021,0.5281243608099816,0.03068112088361628,0.004528408531414615,-0.012992482846431978,0.02249275772311458,0.6889,SUFFICIENT,NOT_ROBUST
V2-R2B_ROOT_CAUSE_DIAGNOSTIC_AND_STOP_DECISION,TGS_STABLE_V2_ROOT_CAUSE_DIAGNOSTIC,9dae034999aa33b3f0d059adc059d3c8dbe659c2,POST_HOC_ASSOCIATION_DIAGNOSTIC_ONLY,v2-r2a-20260727-d3b8ed0-integrity1,U100_PIT_LITE,development,duplicate_rejected,1309,1277,32,1271,COUNT_ONLY,SIGNAL_COHORT,1309,,,,,,,,,,,,,COUNT_ONLY,96.79144385026738,90.0,100.0,100.0,13068060531.18029,5725952300.0,8905450900.0,13243683600.0,28,0.1252864782276547,0.0665703325569411,0.400305576776165,0.5599694423223835,0.03972498090145149,0.004528408531414615,-0.012992482846431978,0.02249275772311458,0.6889,SUFFICIENT,NOT_ROBUST
V2-R2B_ROOT_CAUSE_DIAGNOSTIC_AND_STOP_DECISION,TGS_STABLE_V2_ROOT_CAUSE_DIAGNOSTIC,9dae034999aa33b3f0d059adc059d3c8dbe659c2,POST_HOC_ASSOCIATION_DIAGNOSTIC_ONLY,v2-r2a-20260727-d3b8ed0-integrity1,U100_PIT_LITE,development,missing_next_session,0,0,0,1271,COUNT_ONLY,SIGNAL_COHORT,0,,,,,,,,,,,,,COUNT_ONLY,,,,,,,,,0,,,,,,0.004528408531414615,-0.012992482846431978,0.02249275772311458,0.6889,SUFFICIENT,NOT_ROBUST
V2-R2B_ROOT_CAUSE_DIAGNOSTIC_AND_STOP_DECISION,TGS_STABLE_V2_ROOT_CAUSE_DIAGNOSTIC,9dae034999aa33b3f0d059adc059d3c8dbe659c2,POST_HOC_ASSOCIATION_DIAGNOSTIC_ONLY,v2-r2a-20260727-d3b8ed0-integrity1,U100_PIT_LITE,development,invalid_bar,0,0,0,1271,COUNT_ONLY,SIGNAL_COHORT,0,,,,,,,,,,,,,COUNT_ONLY,,,,,,,,,0,,,,,,0.004528408531414615,-0.012992482846431978,0.02249275772311458,0.6889,SUFFICIENT,NOT_ROBUST
V2-R2B_ROOT_CAUSE_DIAGNOSTIC_AND_STOP_DECISION,TGS_STABLE_V2_ROOT_CAUSE_DIAGNOSTIC,9dae034999aa33b3f0d059adc059d3c8dbe659c2,POST_HOC_ASSOCIATION_DIAGNOSTIC_ONLY,v2-r2a-20260727-d3b8ed0-integrity1,U100_PIT_LITE,validation,accepted_all,135,125,10,496,FROZEN_ONE_SHOT,SIGNAL_COHORT,125,125,0,0.44,0.15523115052651487,-0.08831138360394468,1.757770563562782,0.018847331413457524,1.3811054427993288,8,43.0,59.0,2.3559164266821906,SUFFICIENT,98.88888888888889,90.0,100.0,100.0,21937093715.962963,8765622600.0,13553953450.0,24664678200.0,27,0.2,0.07379972565157752,0.34814814814814815,0.5333333333333333,0.11851851851851852,-0.010464110670299755,-0.04693080325190151,0.022135142726020886,0.7271,SUFFICIENT,NOT_ROBUST
V2-R2B_ROOT_CAUSE_DIAGNOSTIC_AND_STOP_DECISION,TGS_STABLE_V2_ROOT_CAUSE_DIAGNOSTIC,9dae034999aa33b3f0d059adc059d3c8dbe659c2,POST_HOC_ASSOCIATION_DIAGNOSTIC_ONLY,v2-r2a-20260727-d3b8ed0-integrity1,U100_PIT_LITE,validation,accepted_binding,97,89,8,496,FROZEN_ONE_SHOT,SIGNAL_COHORT,89,89,0,0.42696629213483145,0.17378242665399304,-0.08692604539079024,1.9991985816532405,0.024387684246308234,1.4895989431926104,9,42.0,54.0,2.170503897921433,SUFFICIENT,100.51546391752578,100.0,100.0,100.0,25958020855.56701,10133109200.0,15933539500.0,31837622900.0,24,0.2268041237113402,0.08874481879051971,0.23711340206185566,0.6185567010309279,0.14432989690721648,-0.010464110670299755,-0.04693080325190151,0.022135142726020886,0.7271,SUFFICIENT,NOT_ROBUST
V2-R2B_ROOT_CAUSE_DIAGNOSTIC_AND_STOP_DECISION,TGS_STABLE_V2_ROOT_CAUSE_DIAGNOSTIC,9dae034999aa33b3f0d059adc059d3c8dbe659c2,POST_HOC_ASSOCIATION_DIAGNOSTIC_ONLY,v2-r2a-20260727-d3b8ed0-integrity1,U100_PIT_LITE,validation,capacity_rejected,2036,1765,271,496,FROZEN_ONE_SHOT,SIGNAL_COHORT,1765,1765,0,0.45155807365439093,0.14076422544675601,-0.09051031024732395,1.555228626021839,0.013923573576008479,1.280492990639882,70,42.179603399433425,58.0,24.575107361654965,SUFFICIENT,97.02848722986248,90.0,100.0,100.0,13591703115.609037,6919833746.25,9570186375.0,14685652850.0,29,0.15962671905697445,0.0619738614564557,0.39636542239685657,0.5540275049115914,0.04960707269155206,-0.010464110670299755,-0.04693080325190151,0.022135142726020886,0.7271,SUFFICIENT,NOT_ROBUST
V2-R2B_ROOT_CAUSE_DIAGNOSTIC_AND_STOP_DECISION,TGS_STABLE_V2_ROOT_CAUSE_DIAGNOSTIC,9dae034999aa33b3f0d059adc059d3c8dbe659c2,POST_HOC_ASSOCIATION_DIAGNOSTIC_ONLY,v2-r2a-20260727-d3b8ed0-integrity1,U100_PIT_LITE,validation,duplicate_rejected,470,426,44,496,COUNT_ONLY,SIGNAL_COHORT,470,,,,,,,,,,,,,COUNT_ONLY,96.61702127659575,90.0,100.0,100.0,21993484130.29787,8948358700.0,12532790775.0,21908826150.0,27,0.2297872340425532,0.08648257129923044,0.4319148936170213,0.5212765957446809,0.04680851063829787,-0.010464110670299755,-0.04693080325190151,0.022135142726020886,0.7271,SUFFICIENT,NOT_ROBUST
V2-R2B_ROOT_CAUSE_DIAGNOSTIC_AND_STOP_DECISION,TGS_STABLE_V2_ROOT_CAUSE_DIAGNOSTIC,9dae034999aa33b3f0d059adc059d3c8dbe659c2,POST_HOC_ASSOCIATION_DIAGNOSTIC_ONLY,v2-r2a-20260727-d3b8ed0-integrity1,U100_PIT_LITE,validation,missing_next_session,0,0,0,496,COUNT_ONLY,SIGNAL_COHORT,0,,,,,,,,,,,,,COUNT_ONLY,,,,,,,,,0,,,,,,-0.010464110670299755,-0.04693080325190151,0.022135142726020886,0.7271,SUFFICIENT,NOT_ROBUST
V2-R2B_ROOT_CAUSE_DIAGNOSTIC_AND_STOP_DECISION,TGS_STABLE_V2_ROOT_CAUSE_DIAGNOSTIC,9dae034999aa33b3f0d059adc059d3c8dbe659c2,POST_HOC_ASSOCIATION_DIAGNOSTIC_ONLY,v2-r2a-20260727-d3b8ed0-integrity1,U100_PIT_LITE,validation,invalid_bar,0,0,0,496,COUNT_ONLY,SIGNAL_COHORT,0,,,,,,,,,,,,,COUNT_ONLY,,,,,,,,,0,,,,,,-0.010464110670299755,-0.04693080325190151,0.022135142726020886,0.7271,SUFFICIENT,NOT_ROBUST
V2-R2B_ROOT_CAUSE_DIAGNOSTIC_AND_STOP_DECISION,TGS_STABLE_V2_ROOT_CAUSE_DIAGNOSTIC,9dae034999aa33b3f0d059adc059d3c8dbe659c2,POST_HOC_ASSOCIATION_DIAGNOSTIC_ONLY,v2-r2a-20260727-d3b8ed0-integrity1,U100_PIT_LITE,final_holdout,accepted_all,164,164,0,489,FROZEN_ONE_SHOT,SIGNAL_COHORT,164,154,10,0.42857142857142855,0.1832369183883406,-0.09899374833863844,1.850994850316432,0.021962251687209722,1.388246137737324,15,35.31818181818182,34.0,3.3821867598302973,SUFFICIENT,99.51219512195122,90.0,100.0,100.0,35797301063.75,12632148100.0,20772460275.0,43962603725.0,24,0.17682926829268292,0.07636823319452707,0.3048780487804878,0.5670731707317073,0.12804878048780488,-0.005500229863632012,-0.04232802936360753,0.02907735182750173,0.635,SUFFICIENT,NOT_ROBUST
V2-R2B_ROOT_CAUSE_DIAGNOSTIC_AND_STOP_DECISION,TGS_STABLE_V2_ROOT_CAUSE_DIAGNOSTIC,9dae034999aa33b3f0d059adc059d3c8dbe659c2,POST_HOC_ASSOCIATION_DIAGNOSTIC_ONLY,v2-r2a-20260727-d3b8ed0-integrity1,U100_PIT_LITE,final_holdout,accepted_binding,109,109,0,489,FROZEN_ONE_SHOT,SIGNAL_COHORT,109,102,7,0.43137254901960786,0.20154686856244283,-0.10066945050072063,2.002065845794997,0.02969837340887929,1.5188085726720666,13,34.009803921568626,30.5,3.029234087705688,SUFFICIENT,101.46788990825688,100.0,100.0,100.0,43012791114.770645,15571057200.0,28414256500.0,57283595750.0,24,0.21100917431192662,0.09367898325056814,0.2018348623853211,0.6238532110091743,0.1743119266055046,-0.005500229863632012,-0.04232802936360753,0.02907735182750173,0.635,SUFFICIENT,NOT_ROBUST
V2-R2B_ROOT_CAUSE_DIAGNOSTIC_AND_STOP_DECISION,TGS_STABLE_V2_ROOT_CAUSE_DIAGNOSTIC,9dae034999aa33b3f0d059adc059d3c8dbe659c2,POST_HOC_ASSOCIATION_DIAGNOSTIC_ONLY,v2-r2a-20260727-d3b8ed0-integrity1,U100_PIT_LITE,final_holdout,capacity_rejected,1933,1933,0,489,FROZEN_ONE_SHOT,SIGNAL_COHORT,1933,1850,83,0.4783783783783784,0.1571883049356662,-0.0977669267454478,1.6077860905348051,0.02419814354524728,1.4744981244801063,133,41.26486486486486,52.0,44.76656555870747,SUFFICIENT,96.34764614588723,90.0,100.0,100.0,26508848862.65908,9885543150.0,14040496450.0,25731881675.0,29,0.14743921365752716,0.06130701843361508,0.4438696326952923,0.5168132436627004,0.03931712364200724,-0.005500229863632012,-0.04232802936360753,0.02907735182750173,0.635,SUFFICIENT,NOT_ROBUST
V2-R2B_ROOT_CAUSE_DIAGNOSTIC_AND_STOP_DECISION,TGS_STABLE_V2_ROOT_CAUSE_DIAGNOSTIC,9dae034999aa33b3f0d059adc059d3c8dbe659c2,POST_HOC_ASSOCIATION_DIAGNOSTIC_ONLY,v2-r2a-20260727-d3b8ed0-integrity1,U100_PIT_LITE,final_holdout,duplicate_rejected,466,466,0,489,COUNT_ONLY,SIGNAL_COHORT,466,,,,,,,,,,,,,COUNT_ONLY,97.21030042918454,90.0,100.0,100.0,32481970094.334763,12472335375.0,19212517575.0,41320003437.5,24,0.15879828326180256,0.07098123008344231,0.3648068669527897,0.592274678111588,0.04291845493562232,-0.005500229863632012,-0.04232802936360753,0.02907735182750173,0.635,SUFFICIENT,NOT_ROBUST
V2-R2B_ROOT_CAUSE_DIAGNOSTIC_AND_STOP_DECISION,TGS_STABLE_V2_ROOT_CAUSE_DIAGNOSTIC,9dae034999aa33b3f0d059adc059d3c8dbe659c2,POST_HOC_ASSOCIATION_DIAGNOSTIC_ONLY,v2-r2a-20260727-d3b8ed0-integrity1,U100_PIT_LITE,final_holdout,missing_next_session,1,0,1,489,COUNT_ONLY,SIGNAL_COHORT,1,,,,,,,,,,,,,COUNT_ONLY,100.0,100.0,100.0,100.0,10882814000.0,10882814000.0,10882814000.0,10882814000.0,1,1.0,1.0,0.0,1.0,0.0,-0.005500229863632012,-0.04232802936360753,0.02907735182750173,0.635,SUFFICIENT,NOT_ROBUST
V2-R2B_ROOT_CAUSE_DIAGNOSTIC_AND_STOP_DECISION,TGS_STABLE_V2_ROOT_CAUSE_DIAGNOSTIC,9dae034999aa33b3f0d059adc059d3c8dbe659c2,POST_HOC_ASSOCIATION_DIAGNOSTIC_ONLY,v2-r2a-20260727-d3b8ed0-integrity1,U100_PIT_LITE,final_holdout,invalid_bar,0,0,0,489,COUNT_ONLY,SIGNAL_COHORT,0,,,,,,,,,,,,,COUNT_ONLY,,,,,,,,,0,,,,,,-0.005500229863632012,-0.04232802936360753,0.02907735182750173,0.635,SUFFICIENT,NOT_ROBUST
