gate_id,model_id,base_commit,classification,source_run_id,universe_id,split,bitmask,bit_pattern,score,has_weekly_above_200ma,has_weekly_macd_gc,has_weekly_macd_uptrend,has_daily_rsi_40_65,has_daily_volume_1_5x,raw_signal_count,accepted_signal_cohort_count,contained_trade_count,cross_boundary_excluded_count,trade_count,closed_trade_count,open_trade_count,win_rate,average_win,average_loss,payoff_ratio,expectancy_per_trade,profit_factor,max_consecutive_losses,average_holding_sessions,median_holding_sessions,sum_net_returns,sample_status,stop_loss_exit_count,stop_gap_exit_count,take_profit_exit_count,take_profit_gap_exit_count,max_holding_exit_count,data_end_or_haircut_exit_count,other_exit_count,ticker_distinct_count,ticker_top_trade_share,ticker_trade_hhi,sector_distinct_count,sector_top_trade_share,sector_trade_hhi,ticker_top_loss_share,ticker_loss_hhi,sector_top_loss_share,sector_loss_hhi
V2-R2B_ROOT_CAUSE_DIAGNOSTIC_AND_STOP_DECISION,TGS_STABLE_V2_ROOT_CAUSE_DIAGNOSTIC,9dae034999aa33b3f0d059adc059d3c8dbe659c2,POST_HOC_ASSOCIATION_DIAGNOSTIC_ONLY,v2-r2a-20260727-d3b8ed0-integrity1,U15_ADJUSTED_STATIC,overall,15,01111,100,True,True,True,True,False,806,154,154,0,154,154,0,0.5194805194805194,0.12866622114253926,-0.09029031083354401,1.4250280008421248,0.0234533421410447,1.5405708117212158,8,43.85064935064935,60.0,3.611814689720884,SUFFICIENT,43,16,11,2,82,0,0,15,0.08441558441558442,0.07303086523865743,4,0.474025974025974,0.3372406813965255,0.12103353472836412,0.07973101130273638,0.4710881250412509,0.32170296534547826
V2-R2B_ROOT_CAUSE_DIAGNOSTIC_AND_STOP_DECISION,TGS_STABLE_V2_ROOT_CAUSE_DIAGNOSTIC,9dae034999aa33b3f0d059adc059d3c8dbe659c2,POST_HOC_ASSOCIATION_DIAGNOSTIC_ONLY,v2-r2a-20260727-d3b8ed0-integrity1,U15_ADJUSTED_STATIC,overall,23,10111,100,True,True,True,False,True,116,32,32,0,32,32,0,0.53125,0.12164534057127341,-0.10057465226357556,1.2095029695203716,0.01747971892993796,1.3707700321230878,4,38.875,44.5,0.5593510057580148,SUFFICIENT,11,2,5,0,14,0,0,13,0.125,0.087890625,4,0.34375,0.29296875,0.1361461710746859,0.09921577292984171,0.43541587191387676,0.3120930294372125
V2-R2B_ROOT_CAUSE_DIAGNOSTIC_AND_STOP_DECISION,TGS_STABLE_V2_ROOT_CAUSE_DIAGNOSTIC,9dae034999aa33b3f0d059adc059d3c8dbe659c2,POST_HOC_ASSOCIATION_DIAGNOSTIC_ONLY,v2-r2a-20260727-d3b8ed0-integrity1,U15_ADJUSTED_STATIC,overall,29,11101,90,True,False,True,True,True,785,174,174,0,174,174,0,0.47126436781609193,0.15620852341885938,-0.09253907400094503,1.688027734287293,0.024686805242870848,1.5045464588212827,12,44.00574712643678,57.5,4.295504112259527,SUFFICIENT,43,29,15,5,82,0,0,15,0.08045977011494253,0.06777645659928658,4,0.43103448275862066,0.30288016911084686,0.1004801493103083,0.07435936166610471,0.37870563388199696,0.30086862535894865
V2-R2B_ROOT_CAUSE_DIAGNOSTIC_AND_STOP_DECISION,TGS_STABLE_V2_ROOT_CAUSE_DIAGNOSTIC,9dae034999aa33b3f0d059adc059d3c8dbe659c2,POST_HOC_ASSOCIATION_DIAGNOSTIC_ONLY,v2-r2a-20260727-d3b8ed0-integrity1,U15_ADJUSTED_STATIC,overall,30,11110,90,False,True,True,True,True,30,19,19,0,19,19,0,0.631578947368421,0.11958522686706315,-0.07834216023383182,1.5264479114455236,0.04666461056673342,2.6167678481923264,2,47.0,60.0,0.886627600767935,INSUFFICIENT_SAMPLE,4,1,2,0,12,0,0,10,0.21052631578947367,0.11911357340720219,4,0.42105263157894735,0.32409972299168965,0.18758757381555158,0.17764429575140636,0.5621219179208758,0.3966770082369538
V2-R2B_ROOT_CAUSE_DIAGNOSTIC_AND_STOP_DECISION,TGS_STABLE_V2_ROOT_CAUSE_DIAGNOSTIC,9dae034999aa33b3f0d059adc059d3c8dbe659c2,POST_HOC_ASSOCIATION_DIAGNOSTIC_ONLY,v2-r2a-20260727-d3b8ed0-integrity1,U15_ADJUSTED_STATIC,overall,31,11111,120,True,True,True,True,True,60,23,23,0,23,23,0,0.43478260869565216,0.11263527573411543,-0.10181281477861126,1.1062976304018042,-0.008574514555686615,0.8509981772321571,6,41.26086956521739,47.0,-0.19721383478079213,INSUFFICIENT_SAMPLE,9,3,0,0,11,0,0,11,0.21739130434782608,0.11531190926275994,4,0.5652173913043478,0.387523629489603,0.27360891214993543,0.19496505384715304,0.5160901064311751,0.3984927160788799
V2-R2B_ROOT_CAUSE_DIAGNOSTIC_AND_STOP_DECISION,TGS_STABLE_V2_ROOT_CAUSE_DIAGNOSTIC,9dae034999aa33b3f0d059adc059d3c8dbe659c2,POST_HOC_ASSOCIATION_DIAGNOSTIC_ONLY,v2-r2a-20260727-d3b8ed0-integrity1,U15_ADJUSTED_STATIC,development,15,01111,100,True,True,True,True,False,499,95,91,4,91,91,0,0.43956043956043955,0.1058823595196274,-0.089567577354053,1.1821505353559296,-0.0036555171897978936,0.927176890475239,8,44.604395604395606,60.0,-0.3326520642716083,SUFFICIENT,27,13,3,0,48,0,0,15,0.0989010989010989,0.07474942639777807,4,0.4945054945054945,0.3409008573843739,0.1301267448476356,0.07965402590921854,0.5053223579117464,0.33711051113185564
V2-R2B_ROOT_CAUSE_DIAGNOSTIC_AND_STOP_DECISION,TGS_STABLE_V2_ROOT_CAUSE_DIAGNOSTIC,9dae034999aa33b3f0d059adc059d3c8dbe659c2,POST_HOC_ASSOCIATION_DIAGNOSTIC_ONLY,v2-r2a-20260727-d3b8ed0-integrity1,U15_ADJUSTED_STATIC,development,23,10111,100,True,True,True,False,True,62,14,14,0,14,14,0,0.35714285714285715,0.07969444193316684,-0.0977836172582528,0.8150081186165236,-0.03439859611846007,0.45278228812029087,4,38.285714285714285,48.0,-0.481580345658441,INSUFFICIENT_SAMPLE,6,1,0,0,7,0,0,12,0.14285714285714285,0.09183673469387757,4,0.42857142857142855,0.30612244897959184,0.13689995260201557,0.11387153695346412,0.39632608952424025,0.28947085552031554
V2-R2B_ROOT_CAUSE_DIAGNOSTIC_AND_STOP_DECISION,TGS_STABLE_V2_ROOT_CAUSE_DIAGNOSTIC,9dae034999aa33b3f0d059adc059d3c8dbe659c2,POST_HOC_ASSOCIATION_DIAGNOSTIC_ONLY,v2-r2a-20260727-d3b8ed0-integrity1,U15_ADJUSTED_STATIC,development,29,11101,90,True,False,True,True,True,387,90,90,0,90,90,0,0.3888888888888889,0.11520602130877552,-0.09083611377916538,1.268284347664373,-0.010708616800521714,0.8070900394227828,12,45.388888888888886,60.0,-0.9637755120469542,SUFFICIENT,26,16,0,0,48,0,0,15,0.1111111111111111,0.07851851851851853,4,0.4666666666666667,0.3380246913580247,0.16433843148606425,0.08850038615917262,0.4316350238383196,0.3189761924167537
V2-R2B_ROOT_CAUSE_DIAGNOSTIC_AND_STOP_DECISION,TGS_STABLE_V2_ROOT_CAUSE_DIAGNOSTIC,9dae034999aa33b3f0d059adc059d3c8dbe659c2,POST_HOC_ASSOCIATION_DIAGNOSTIC_ONLY,v2-r2a-20260727-d3b8ed0-integrity1,U15_ADJUSTED_STATIC,development,30,11110,90,False,True,True,True,True,23,15,15,0,15,15,0,0.6,0.1363686677571825,-0.07425383521278116,1.8365201927470227,0.052119666569197046,2.754780289120534,2,46.733333333333334,60.0,0.7817949985379556,INSUFFICIENT_SAMPLE,4,0,2,0,9,0,0,9,0.13333333333333333,0.12,4,0.4,0.3066666666666667,0.23050751812373865,0.21583664686807652,0.46101503624747703,0.3347988818585232
V2-R2B_ROOT_CAUSE_DIAGNOSTIC_AND_STOP_DECISION,TGS_STABLE_V2_ROOT_CAUSE_DIAGNOSTIC,9dae034999aa33b3f0d059adc059d3c8dbe659c2,POST_HOC_ASSOCIATION_DIAGNOSTIC_ONLY,v2-r2a-20260727-d3b8ed0-integrity1,U15_ADJUSTED_STATIC,development,31,11111,120,True,True,True,True,True,26,10,9,1,9,9,0,0.2222222222222222,0.012192792921454143,-0.09987092048287152,0.12208551660986525,-0.07496787305968805,0.03488157617424721,6,36.0,34.0,-0.6747108575371924,INSUFFICIENT_SAMPLE,4,2,0,0,3,0,0,8,0.2222222222222222,0.13580246913580246,4,0.4444444444444444,0.30864197530864196,0.22421342537205904,0.17155118079630655,0.5245323287175598,0.40467093749093386
V2-R2B_ROOT_CAUSE_DIAGNOSTIC_AND_STOP_DECISION,TGS_STABLE_V2_ROOT_CAUSE_DIAGNOSTIC,9dae034999aa33b3f0d059adc059d3c8dbe659c2,POST_HOC_ASSOCIATION_DIAGNOSTIC_ONLY,v2-r2a-20260727-d3b8ed0-integrity1,U15_ADJUSTED_STATIC,validation,15,01111,100,True,True,True,True,False,202,38,30,8,30,30,0,0.6666666666666666,0.1439178258085483,-0.10276598597589293,1.4004422226076718,0.06168988854706791,2.800884445215343,2,44.1,60.0,1.8506966564120373,SUFFICIENT,9,1,3,1,16,0,0,13,0.13333333333333333,0.08888888888888888,4,0.5,0.34888888888888886,0.20054167634420042,0.18002744141462285,0.4996614522848745,0.37989202232857266
V2-R2B_ROOT_CAUSE_DIAGNOSTIC_AND_STOP_DECISION,TGS_STABLE_V2_ROOT_CAUSE_DIAGNOSTIC,9dae034999aa33b3f0d059adc059d3c8dbe659c2,POST_HOC_ASSOCIATION_DIAGNOSTIC_ONLY,v2-r2a-20260727-d3b8ed0-integrity1,U15_ADJUSTED_STATIC,validation,23,10111,100,True,True,True,False,True,30,9,9,0,9,9,0,0.5555555555555556,0.06633626729343098,-0.10269640359640353,0.6459453785171704,-0.008789364213162133,0.807431723146463,2,42.22222222222222,46.0,-0.0791042779184592,INSUFFICIENT_SAMPLE,4,0,1,0,4,0,0,6,0.2222222222222222,0.18518518518518517,3,0.4444444444444444,0.35802469135802467,0.2500000000000003,0.25,0.5000000000000002,0.3750000000000001
V2-R2B_ROOT_CAUSE_DIAGNOSTIC_AND_STOP_DECISION,TGS_STABLE_V2_ROOT_CAUSE_DIAGNOSTIC,9dae034999aa33b3f0d059adc059d3c8dbe659c2,POST_HOC_ASSOCIATION_DIAGNOSTIC_ONLY,v2-r2a-20260727-d3b8ed0-integrity1,U15_ADJUSTED_STATIC,validation,29,11101,90,True,False,True,True,True,180,28,27,1,27,27,0,0.5555555555555556,0.1216910015742676,-0.0757205736371296,1.6071061764196197,0.03395252370253551,2.0088827205245243,5,46.7037037037037,60.0,0.9167181399684587,INSUFFICIENT_SAMPLE,7,1,2,1,16,0,0,13,0.1111111111111111,0.08641975308641973,4,0.48148148148148145,0.32784636488340185,0.2319371313928406,0.1600362857177698,0.4579796247856059,0.36068256733846593
V2-R2B_ROOT_CAUSE_DIAGNOSTIC_AND_STOP_DECISION,TGS_STABLE_V2_ROOT_CAUSE_DIAGNOSTIC,9dae034999aa33b3f0d059adc059d3c8dbe659c2,POST_HOC_ASSOCIATION_DIAGNOSTIC_ONLY,v2-r2a-20260727-d3b8ed0-integrity1,U15_ADJUSTED_STATIC,validation,30,11110,90,False,True,True,True,True,5,2,2,0,2,2,0,1.0,0.04146984989860836,,,0.04146984989860836,,0,60.0,60.0,0.08293969979721671,INSUFFICIENT_SAMPLE,0,0,0,0,2,0,0,1,1.0,1.0,1,1.0,1.0,,,,
V2-R2B_ROOT_CAUSE_DIAGNOSTIC_AND_STOP_DECISION,TGS_STABLE_V2_ROOT_CAUSE_DIAGNOSTIC,9dae034999aa33b3f0d059adc059d3c8dbe659c2,POST_HOC_ASSOCIATION_DIAGNOSTIC_ONLY,v2-r2a-20260727-d3b8ed0-integrity1,U15_ADJUSTED_STATIC,validation,31,11111,120,True,True,True,True,True,22,9,8,1,8,8,0,0.625,0.16357379923965257,-0.10269640359640353,1.5927899469829243,0.06372247317613153,2.654649911638207,1,43.375,60.0,0.5097797854090522,INSUFFICIENT_SAMPLE,3,0,0,0,5,0,0,6,0.25,0.1875,3,0.625,0.46875,0.3333333333333333,0.3333333333333333,0.3333333333333333,0.3333333333333333
V2-R2B_ROOT_CAUSE_DIAGNOSTIC_AND_STOP_DECISION,TGS_STABLE_V2_ROOT_CAUSE_DIAGNOSTIC,9dae034999aa33b3f0d059adc059d3c8dbe659c2,POST_HOC_ASSOCIATION_DIAGNOSTIC_ONLY,v2-r2a-20260727-d3b8ed0-integrity1,U15_ADJUSTED_STATIC,final_holdout,15,01111,100,True,True,True,True,False,105,21,21,0,21,21,0,0.47619047619047616,0.17570035680324098,-0.07921024436161944,2.218151935008736,0.042175756193075994,2.0165017590988508,4,38.19047619047619,54.0,0.8856908800545958,INSUFFICIENT_SAMPLE,6,1,4,0,10,0,0,10,0.14285714285714285,0.11111111111111109,3,0.42857142857142855,0.365079365079365,0.25185620380871865,0.19661275829208413,0.4875842151492775,0.39673484458372343
V2-R2B_ROOT_CAUSE_DIAGNOSTIC_AND_STOP_DECISION,TGS_STABLE_V2_ROOT_CAUSE_DIAGNOSTIC,9dae034999aa33b3f0d059adc059d3c8dbe659c2,POST_HOC_ASSOCIATION_DIAGNOSTIC_ONLY,v2-r2a-20260727-d3b8ed0-integrity1,U15_ADJUSTED_STATIC,final_holdout,23,10111,100,True,True,True,False,True,24,9,9,0,9,9,0,0.7777777777777778,0.19111674908266557,-0.10889080712187205,1.7551228991145704,0.124448403259435,6.142930146900997,1,36.44444444444444,43.0,1.120035629334915,INSUFFICIENT_SAMPLE,1,1,4,0,3,0,0,5,0.3333333333333333,0.2345679012345679,4,0.5555555555555556,0.3827160493827161,0.5284431885904555,0.5016180299543844,0.5284431885904555,0.5016180299543844
V2-R2B_ROOT_CAUSE_DIAGNOSTIC_AND_STOP_DECISION,TGS_STABLE_V2_ROOT_CAUSE_DIAGNOSTIC,9dae034999aa33b3f0d059adc059d3c8dbe659c2,POST_HOC_ASSOCIATION_DIAGNOSTIC_ONLY,v2-r2a-20260727-d3b8ed0-integrity1,U15_ADJUSTED_STATIC,final_holdout,29,11101,90,True,False,True,True,True,218,56,56,0,56,56,0,0.5535714285714286,0.22268350504169523,-0.1043584666634916,2.1338326650558006,0.07668262481616538,2.645952504669193,8,40.19642857142857,47.0,4.294226989705261,SUFFICIENT,10,12,13,4,17,0,0,15,0.125,0.08035714285714285,4,0.35714285714285715,0.29017857142857145,0.20493563185321836,0.1151465175391961,0.4951210687876995,0.35938600494364364
V2-R2B_ROOT_CAUSE_DIAGNOSTIC_AND_STOP_DECISION,TGS_STABLE_V2_ROOT_CAUSE_DIAGNOSTIC,9dae034999aa33b3f0d059adc059d3c8dbe659c2,POST_HOC_ASSOCIATION_DIAGNOSTIC_ONLY,v2-r2a-20260727-d3b8ed0-integrity1,U15_ADJUSTED_STATIC,final_holdout,30,11110,90,False,True,True,True,True,2,2,2,0,2,2,0,0.5,0.12476501279289853,-0.10287211036013588,1.2128166940108425,0.010946451216381325,1.2128166940108425,1,36.0,36.0,0.02189290243276265,INSUFFICIENT_SAMPLE,0,1,0,0,1,0,0,2,0.5,0.5,1,1.0,1.0,1.0,1.0,1.0,1.0
V2-R2B_ROOT_CAUSE_DIAGNOSTIC_AND_STOP_DECISION,TGS_STABLE_V2_ROOT_CAUSE_DIAGNOSTIC,9dae034999aa33b3f0d059adc059d3c8dbe659c2,POST_HOC_ASSOCIATION_DIAGNOSTIC_ONLY,v2-r2a-20260727-d3b8ed0-integrity1,U15_ADJUSTED_STATIC,final_holdout,31,11111,120,True,True,True,True,True,12,4,4,0,4,4,0,0.5,0.08090831609658178,-0.10684226717811585,0.7572688060025926,-0.012966975540767034,0.7572688060025926,2,43.0,43.5,-0.051867902163068136,INSUFFICIENT_SAMPLE,1,1,0,0,2,0,0,4,0.25,0.25,3,0.5,0.375,0.5194017952408329,0.5007528593171344,0.5194017952408329,0.5007528593171344
V2-R2B_ROOT_CAUSE_DIAGNOSTIC_AND_STOP_DECISION,TGS_STABLE_V2_ROOT_CAUSE_DIAGNOSTIC,9dae034999aa33b3f0d059adc059d3c8dbe659c2,POST_HOC_ASSOCIATION_DIAGNOSTIC_ONLY,v2-r2a-20260727-d3b8ed0-integrity1,U50_PIT_LITE,overall,15,01111,100,True,True,True,True,False,2900,297,297,0,297,294,3,0.4387755102040816,0.14519646996803817,-0.08694341921781282,1.6700110402178727,0.014913879098427923,1.3056449950794278,17,43.14965986394558,60.0,4.38468045493781,SUFFICIENT,95,27,20,8,144,0,0,87,0.03741496598639456,0.0171687722708131,26,0.15306122448979592,0.07531584062196309,0.037408010601885464,0.01947172399565313,0.17083793834367308,0.08634673215567978
V2-R2B_ROOT_CAUSE_DIAGNOSTIC_AND_STOP_DECISION,TGS_STABLE_V2_ROOT_CAUSE_DIAGNOSTIC,9dae034999aa33b3f0d059adc059d3c8dbe659c2,POST_HOC_ASSOCIATION_DIAGNOSTIC_ONLY,v2-r2a-20260727-d3b8ed0-integrity1,U50_PIT_LITE,overall,23,10111,100,True,True,True,False,True,374,59,59,0,59,58,1,0.4482758620689655,0.15620092385873685,-0.08014828263683008,1.9488991993317988,0.025801361654286127,1.5834805994570864,6,42.189655172413794,60.0,1.4964789759485955,SUFFICIENT,15,5,4,2,32,0,0,35,0.06896551724137931,0.03864447086801428,18,0.20689655172413793,0.09988109393579071,0.12644875501558292,0.06264685718557036,0.21185114387793683,0.10317673121015046
V2-R2B_ROOT_CAUSE_DIAGNOSTIC_AND_STOP_DECISION,TGS_STABLE_V2_ROOT_CAUSE_DIAGNOSTIC,9dae034999aa33b3f0d059adc059d3c8dbe659c2,POST_HOC_ASSOCIATION_DIAGNOSTIC_ONLY,v2-r2a-20260727-d3b8ed0-integrity1,U50_PIT_LITE,overall,29,11101,90,True,False,True,True,True,2245,245,245,0,245,242,3,0.44214876033057854,0.13055048793366633,-0.09293714409567225,1.4047180941914226,0.005877635355316307,1.1133691561369052,11,41.86363636363637,59.0,1.4223877559865463,SUFFICIENT,74,34,12,5,117,0,0,87,0.0371900826446281,0.01731439109350455,27,0.17768595041322313,0.07653165767365616,0.04352356238695299,0.019296503191229705,0.1491600024401332,0.07149932984315827
V2-R2B_ROOT_CAUSE_DIAGNOSTIC_AND_STOP_DECISION,TGS_STABLE_V2_ROOT_CAUSE_DIAGNOSTIC,9dae034999aa33b3f0d059adc059d3c8dbe659c2,POST_HOC_ASSOCIATION_DIAGNOSTIC_ONLY,v2-r2a-20260727-d3b8ed0-integrity1,U50_PIT_LITE,overall,30,11110,90,False,True,True,True,True,71,7,7,0,7,7,0,0.14285714285714285,0.05529248122168173,-0.08932520165928882,0.619002030721214,-0.06866553267629304,0.10316700512020233,6,33.42857142857143,28.0,-0.48065872873405124,INSUFFICIENT_SAMPLE,5,0,0,0,2,0,0,7,0.14285714285714285,0.14285714285714285,7,0.14285714285714285,0.14285714285714285,0.19161520990853956,0.18533956096341458,0.19161520990853956,0.18533956096341458
V2-R2B_ROOT_CAUSE_DIAGNOSTIC_AND_STOP_DECISION,TGS_STABLE_V2_ROOT_CAUSE_DIAGNOSTIC,9dae034999aa33b3f0d059adc059d3c8dbe659c2,POST_HOC_ASSOCIATION_DIAGNOSTIC_ONLY,v2-r2a-20260727-d3b8ed0-integrity1,U50_PIT_LITE,overall,31,11111,120,True,True,True,True,True,235,47,47,0,47,44,3,0.36363636363636365,0.15009459351173324,-0.09755389963193149,1.538581174899584,-0.007499902125144301,0.8791892427997622,7,35.0,32.5,-0.3299956935063493,SUFFICIENT,15,8,4,1,16,0,0,34,0.09090909090909091,0.03719008264462809,18,0.22727272727272727,0.09814049586776859,0.1413769794050133,0.06128299516358559,0.29300332980162275,0.12968241748013168
V2-R2B_ROOT_CAUSE_DIAGNOSTIC_AND_STOP_DECISION,TGS_STABLE_V2_ROOT_CAUSE_DIAGNOSTIC,9dae034999aa33b3f0d059adc059d3c8dbe659c2,POST_HOC_ASSOCIATION_DIAGNOSTIC_ONLY,v2-r2a-20260727-d3b8ed0-integrity1,U50_PIT_LITE,development,15,01111,100,True,True,True,True,False,1549,162,157,5,157,157,0,0.39490445859872614,0.11495581205106936,-0.08562320867094751,1.3425777173668871,-0.006413659086456769,0.8762086155447053,17,44.197452229299365,60.0,-1.0069444765737128,SUFFICIENT,54,16,5,4,78,0,0,61,0.050955414012738856,0.022759543997728105,23,0.15286624203821655,0.08442533165645665,0.054286113646044375,0.02620142213455561,0.17675835519347669,0.08845316344646895
V2-R2B_ROOT_CAUSE_DIAGNOSTIC_AND_STOP_DECISION,TGS_STABLE_V2_ROOT_CAUSE_DIAGNOSTIC,9dae034999aa33b3f0d059adc059d3c8dbe659c2,POST_HOC_ASSOCIATION_DIAGNOSTIC_ONLY,v2-r2a-20260727-d3b8ed0-integrity1,U50_PIT_LITE,development,23,10111,100,True,True,True,False,True,193,26,26,0,26,26,0,0.38461538461538464,0.1349278105863311,-0.07298198278015419,1.8487824726929958,0.006983322360801693,1.1554890454331224,6,46.92307692307692,60.0,0.18156638138084402,INSUFFICIENT_SAMPLE,8,1,0,1,16,0,0,20,0.11538461538461539,0.059171597633136105,11,0.15384615384615385,0.11538461538461538,0.17589341862936042,0.11038899619995854,0.19740114866334352,0.14760914299191896
V2-R2B_ROOT_CAUSE_DIAGNOSTIC_AND_STOP_DECISION,TGS_STABLE_V2_ROOT_CAUSE_DIAGNOSTIC,9dae034999aa33b3f0d059adc059d3c8dbe659c2,POST_HOC_ASSOCIATION_DIAGNOSTIC_ONLY,v2-r2a-20260727-d3b8ed0-integrity1,U50_PIT_LITE,development,29,11101,90,True,False,True,True,True,1239,146,143,3,143,143,0,0.5104895104895105,0.11467821651479652,-0.09204248225475078,1.2459270296230782,0.013486266068164965,1.29932390232121,9,45.19580419580419,60.0,1.9285360477475901,SUFFICIENT,42,14,4,1,82,0,0,62,0.04895104895104895,0.022837302557582283,22,0.22377622377622378,0.09619052276394932,0.06793963703972859,0.028694530576685463,0.1912522467112316,0.09672012817268881
V2-R2B_ROOT_CAUSE_DIAGNOSTIC_AND_STOP_DECISION,TGS_STABLE_V2_ROOT_CAUSE_DIAGNOSTIC,9dae034999aa33b3f0d059adc059d3c8dbe659c2,POST_HOC_ASSOCIATION_DIAGNOSTIC_ONLY,v2-r2a-20260727-d3b8ed0-integrity1,U50_PIT_LITE,development,30,11110,90,False,True,True,True,True,51,6,6,0,6,6,0,0.0,,-0.08932520165928882,,-0.08932520165928882,0.0,6,29.0,25.5,-0.535951209955733,INSUFFICIENT_SAMPLE,5,0,0,0,1,0,0,6,0.16666666666666666,0.16666666666666669,6,0.16666666666666666,0.16666666666666669,0.19161520990853956,0.18533956096341458,0.19161520990853956,0.18533956096341458
V2-R2B_ROOT_CAUSE_DIAGNOSTIC_AND_STOP_DECISION,TGS_STABLE_V2_ROOT_CAUSE_DIAGNOSTIC,9dae034999aa33b3f0d059adc059d3c8dbe659c2,POST_HOC_ASSOCIATION_DIAGNOSTIC_ONLY,v2-r2a-20260727-d3b8ed0-integrity1,U50_PIT_LITE,development,31,11111,120,True,True,True,True,True,103,22,20,2,20,20,0,0.35,0.14714733999568752,-0.0969542792350708,1.5176982507282735,-0.011518712504305379,0.8172221350075319,4,35.5,38.0,-0.23037425008610757,INSUFFICIENT_SAMPLE,8,3,2,0,7,0,0,17,0.1,0.06500000000000002,12,0.2,0.11500000000000002,0.16449245523192876,0.1080938599226015,0.32859958701528336,0.17579411615125143
V2-R2B_ROOT_CAUSE_DIAGNOSTIC_AND_STOP_DECISION,TGS_STABLE_V2_ROOT_CAUSE_DIAGNOSTIC,9dae034999aa33b3f0d059adc059d3c8dbe659c2,POST_HOC_ASSOCIATION_DIAGNOSTIC_ONLY,v2-r2a-20260727-d3b8ed0-integrity1,U50_PIT_LITE,validation,15,01111,100,True,True,True,True,False,654,59,54,5,54,54,0,0.5370370370370371,0.14830285777237054,-0.08486698611019726,1.7474740717174013,0.04035385597488545,2.0270699231921854,5,46.074074074074076,60.0,2.1791082226438143,SUFFICIENT,15,3,4,0,32,0,0,37,0.05555555555555555,0.03292181069958849,19,0.2037037037037037,0.093278463648834,0.09680692886918862,0.06041812168758932,0.38312068860415943,0.181779038275967
V2-R2B_ROOT_CAUSE_DIAGNOSTIC_AND_STOP_DECISION,TGS_STABLE_V2_ROOT_CAUSE_DIAGNOSTIC,9dae034999aa33b3f0d059adc059d3c8dbe659c2,POST_HOC_ASSOCIATION_DIAGNOSTIC_ONLY,v2-r2a-20260727-d3b8ed0-integrity1,U50_PIT_LITE,validation,23,10111,100,True,True,True,False,True,92,16,15,1,15,15,0,0.4666666666666667,0.15281652421822325,-0.06918658103851498,2.2087595878332666,0.03441486808129619,1.9326646393541083,4,44.2,60.0,0.5162230212194429,INSUFFICIENT_SAMPLE,2,2,2,0,9,0,0,11,0.2,0.11111111111111113,9,0.2,0.1377777777777778,0.4003890835317544,0.2488025946261688,0.4003890835317544,0.2488025946261688
V2-R2B_ROOT_CAUSE_DIAGNOSTIC_AND_STOP_DECISION,TGS_STABLE_V2_ROOT_CAUSE_DIAGNOSTIC,9dae034999aa33b3f0d059adc059d3c8dbe659c2,POST_HOC_ASSOCIATION_DIAGNOSTIC_ONLY,v2-r2a-20260727-d3b8ed0-integrity1,U50_PIT_LITE,validation,29,11101,90,True,False,True,True,True,500,39,36,3,36,36,0,0.3333333333333333,0.1519471798534589,-0.07552983762794258,2.0117503840263176,0.00029583486585791724,1.0058751920131588,9,43.94444444444444,54.0,0.01065005517088502,SUFFICIENT,12,3,4,0,17,0,0,30,0.08333333333333333,0.038580246913580266,17,0.2222222222222222,0.10030864197530864,0.06476872188704508,0.053101356671187226,0.16995999002123263,0.09584939292260751
V2-R2B_ROOT_CAUSE_DIAGNOSTIC_AND_STOP_DECISION,TGS_STABLE_V2_ROOT_CAUSE_DIAGNOSTIC,9dae034999aa33b3f0d059adc059d3c8dbe659c2,POST_HOC_ASSOCIATION_DIAGNOSTIC_ONLY,v2-r2a-20260727-d3b8ed0-integrity1,U50_PIT_LITE,validation,30,11110,90,False,True,True,True,True,13,1,1,0,1,1,0,1.0,0.05529248122168173,,,0.05529248122168173,,0,60.0,60.0,0.05529248122168173,INSUFFICIENT_SAMPLE,0,0,0,0,1,0,0,1,1.0,1.0,1,1.0,1.0,,,,
V2-R2B_ROOT_CAUSE_DIAGNOSTIC_AND_STOP_DECISION,TGS_STABLE_V2_ROOT_CAUSE_DIAGNOSTIC,9dae034999aa33b3f0d059adc059d3c8dbe659c2,POST_HOC_ASSOCIATION_DIAGNOSTIC_ONLY,v2-r2a-20260727-d3b8ed0-integrity1,U50_PIT_LITE,validation,31,11111,120,True,True,True,True,True,68,10,9,1,9,9,0,0.2222222222222222,0.13790788849554514,-0.09298330997333952,1.4831466908963182,-0.04167415475803182,0.42375619739894804,4,40.333333333333336,41.0,-0.3750673928222864,INSUFFICIENT_SAMPLE,4,2,0,0,3,0,0,9,0.1111111111111111,0.1111111111111111,6,0.3333333333333333,0.20987654320987653,0.17119290626277356,0.15565340534170516,0.3155601753409874,0.21775439592633994
V2-R2B_ROOT_CAUSE_DIAGNOSTIC_AND_STOP_DECISION,TGS_STABLE_V2_ROOT_CAUSE_DIAGNOSTIC,9dae034999aa33b3f0d059adc059d3c8dbe659c2,POST_HOC_ASSOCIATION_DIAGNOSTIC_ONLY,v2-r2a-20260727-d3b8ed0-integrity1,U50_PIT_LITE,final_holdout,15,01111,100,True,True,True,True,False,697,76,76,0,76,73,3,0.4246575342465753,0.1969789835483019,-0.09208684526742743,2.1390567021408917,0.030667136832402842,1.5788275658658963,14,37.71232876712329,46.0,2.2387009887654075,SUFFICIENT,25,8,10,3,27,0,0,41,0.0547945205479452,0.03058735222368174,17,0.1643835616438356,0.09326327641208479,0.08693468724083603,0.04779053057131335,0.20515898229274532,0.1290179883684222
V2-R2B_ROOT_CAUSE_DIAGNOSTIC_AND_STOP_DECISION,TGS_STABLE_V2_ROOT_CAUSE_DIAGNOSTIC,9dae034999aa33b3f0d059adc059d3c8dbe659c2,POST_HOC_ASSOCIATION_DIAGNOSTIC_ONLY,v2-r2a-20260727-d3b8ed0-integrity1,U50_PIT_LITE,final_holdout,23,10111,100,True,True,True,False,True,89,17,17,0,17,16,1,0.5,0.1754976021421315,-0.10544258394849695,1.6643901881980876,0.035027509096817275,1.6643901881980876,2,31.5,23.0,0.5604401455490764,INSUFFICIENT_SAMPLE,5,2,2,1,6,0,0,14,0.1875,0.0859375,11,0.3125,0.1484375,0.24348892010879863,0.15647836609290913,0.3652333801631979,0.215765220308658
V2-R2B_ROOT_CAUSE_DIAGNOSTIC_AND_STOP_DECISION,TGS_STABLE_V2_ROOT_CAUSE_DIAGNOSTIC,9dae034999aa33b3f0d059adc059d3c8dbe659c2,POST_HOC_ASSOCIATION_DIAGNOSTIC_ONLY,v2-r2a-20260727-d3b8ed0-integrity1,U50_PIT_LITE,final_holdout,29,11101,90,True,False,True,True,True,506,60,60,0,60,57,3,0.3157894736842105,0.16739351351164738,-0.10827103884150606,1.5460599187257131,-0.02121907494051024,0.7135661163349445,11,30.29824561403509,28.0,-1.2094872716090836,SUFFICIENT,20,17,3,3,14,0,0,38,0.05263157894736842,0.032933210218528755,15,0.14035087719298245,0.08771929824561403,0.09595004801198202,0.0411351642844237,0.13089768608843425,0.08819405609533036
V2-R2B_ROOT_CAUSE_DIAGNOSTIC_AND_STOP_DECISION,TGS_STABLE_V2_ROOT_CAUSE_DIAGNOSTIC,9dae034999aa33b3f0d059adc059d3c8dbe659c2,POST_HOC_ASSOCIATION_DIAGNOSTIC_ONLY,v2-r2a-20260727-d3b8ed0-integrity1,U50_PIT_LITE,final_holdout,30,11110,90,False,True,True,True,True,7,0,0,0,0,0,0,,,,,,,0,,,0.0,INSUFFICIENT_SAMPLE,0,0,0,0,0,0,0,0,,,0,,,,,,
V2-R2B_ROOT_CAUSE_DIAGNOSTIC_AND_STOP_DECISION,TGS_STABLE_V2_ROOT_CAUSE_DIAGNOSTIC,9dae034999aa33b3f0d059adc059d3c8dbe659c2,POST_HOC_ASSOCIATION_DIAGNOSTIC_ONLY,v2-r2a-20260727-d3b8ed0-integrity1,U50_PIT_LITE,final_holdout,31,11111,120,True,True,True,True,True,64,15,15,0,15,12,3,0.5,0.17831244030561003,-0.10857646035973162,1.6422753119307045,0.03486798997293921,1.6422753119307048,2,23.916666666666668,15.0,0.4184158796752705,INSUFFICIENT_SAMPLE,3,3,2,1,3,0,0,12,0.08333333333333333,0.08333333333333334,8,0.25,0.1527777777777778,0.18339027109642,0.16724870963433394,0.35375889180866016,0.2297366047118157
V2-R2B_ROOT_CAUSE_DIAGNOSTIC_AND_STOP_DECISION,TGS_STABLE_V2_ROOT_CAUSE_DIAGNOSTIC,9dae034999aa33b3f0d059adc059d3c8dbe659c2,POST_HOC_ASSOCIATION_DIAGNOSTIC_ONLY,v2-r2a-20260727-d3b8ed0-integrity1,U100_PIT_LITE,overall,15,01111,100,True,True,True,True,False,5683,343,343,0,343,334,9,0.4311377245508982,0.14168979372123847,-0.08854779696760451,1.6001504111172424,0.010716313988064337,1.212745574741489,13,43.365269461077844,58.5,3.5792488720134887,SUFFICIENT,107,35,24,8,160,0,0,129,0.03592814371257485,0.012495966151529276,29,0.16467065868263472,0.06905948581878157,0.04315669658312865,0.01605687345969191,0.19007373764165722,0.08007133918912555
V2-R2B_ROOT_CAUSE_DIAGNOSTIC_AND_STOP_DECISION,TGS_STABLE_V2_ROOT_CAUSE_DIAGNOSTIC,9dae034999aa33b3f0d059adc059d3c8dbe659c2,POST_HOC_ASSOCIATION_DIAGNOSTIC_ONLY,v2-r2a-20260727-d3b8ed0-integrity1,U100_PIT_LITE,overall,23,10111,100,True,True,True,False,True,672,48,48,0,48,48,0,0.4166666666666667,0.19165828368775567,-0.09363999577934522,2.046756645946272,0.025234287331946815,1.4619690328187656,6,36.5,34.5,1.2112457919334472,SUFFICIENT,17,5,6,2,18,0,0,39,0.08333333333333333,0.032118055555555546,20,0.2708333333333333,0.11111111111111108,0.09369383481811096,0.046993717088620844,0.12971246450502294,0.07440727983835177
V2-R2B_ROOT_CAUSE_DIAGNOSTIC_AND_STOP_DECISION,TGS_STABLE_V2_ROOT_CAUSE_DIAGNOSTIC,9dae034999aa33b3f0d059adc059d3c8dbe659c2,POST_HOC_ASSOCIATION_DIAGNOSTIC_ONLY,v2-r2a-20260727-d3b8ed0-integrity1,U100_PIT_LITE,overall,29,11101,90,True,False,True,True,True,4799,249,249,0,249,249,0,0.4578313253012048,0.13997607753898217,-0.09552868082278732,1.4652780330825255,0.012292774812721594,1.2373458946030216,13,40.01204819277108,52.0,3.060900928367677,SUFFICIENT,88,27,13,8,113,0,0,116,0.024096385542168676,0.011790132417219074,26,0.18072289156626506,0.07636973597200047,0.02932572094075044,0.014933587656351983,0.1726225681139821,0.07370427714188124
V2-R2B_ROOT_CAUSE_DIAGNOSTIC_AND_STOP_DECISION,TGS_STABLE_V2_ROOT_CAUSE_DIAGNOSTIC,9dae034999aa33b3f0d059adc059d3c8dbe659c2,POST_HOC_ASSOCIATION_DIAGNOSTIC_ONLY,v2-r2a-20260727-d3b8ed0-integrity1,U100_PIT_LITE,overall,30,11110,90,False,True,True,True,True,173,4,4,0,4,4,0,0.5,0.1255205377678822,-0.08467522405188849,1.4823762106724858,0.02042265685799685,1.4823762106724858,2,46.75,60.0,0.0816906274319874,INSUFFICIENT_SAMPLE,0,1,0,0,3,0,0,4,0.25,0.25,4,0.25,0.25,0.6078543337746991,0.5232651146279684,0.6078543337746991,0.5232651146279684
V2-R2B_ROOT_CAUSE_DIAGNOSTIC_AND_STOP_DECISION,TGS_STABLE_V2_ROOT_CAUSE_DIAGNOSTIC,9dae034999aa33b3f0d059adc059d3c8dbe659c2,POST_HOC_ASSOCIATION_DIAGNOSTIC_ONLY,v2-r2a-20260727-d3b8ed0-integrity1,U100_PIT_LITE,overall,31,11111,120,True,True,True,True,True,489,68,68,0,68,67,1,0.373134328358209,0.1702301277430328,-0.09463590092972932,1.79879016388754,0.004194706783987901,1.0707084308854407,10,35.82089552238806,36.0,0.2810453545271894,SUFFICIENT,23,12,6,3,23,0,0,51,0.05970149253731343,0.026063711294274896,22,0.208955223880597,0.0839830697259969,0.08787058118591606,0.041211912316418214,0.23294122237727846,0.10161718453266766
V2-R2B_ROOT_CAUSE_DIAGNOSTIC_AND_STOP_DECISION,TGS_STABLE_V2_ROOT_CAUSE_DIAGNOSTIC,9dae034999aa33b3f0d059adc059d3c8dbe659c2,POST_HOC_ASSOCIATION_DIAGNOSTIC_ONLY,v2-r2a-20260727-d3b8ed0-integrity1,U100_PIT_LITE,development,15,01111,100,True,True,True,True,False,3183,197,191,6,191,191,0,0.43455497382198954,0.11337925632594659,-0.08706994415226867,1.3021629613965064,3.625291418090942e-05,1.00073634996213,13,45.37696335078534,60.0,0.006924306608553699,SUFFICIENT,57,23,7,4,100,0,0,97,0.031413612565445025,0.014774814286889062,27,0.13089005235602094,0.06806282722513088,0.06775359797772608,0.020389414603467923,0.14769181925957034,0.0789374963410611
V2-R2B_ROOT_CAUSE_DIAGNOSTIC_AND_STOP_DECISION,TGS_STABLE_V2_ROOT_CAUSE_DIAGNOSTIC,9dae034999aa33b3f0d059adc059d3c8dbe659c2,POST_HOC_ASSOCIATION_DIAGNOSTIC_ONLY,v2-r2a-20260727-d3b8ed0-integrity1,U100_PIT_LITE,development,23,10111,100,True,True,True,False,True,358,29,27,2,27,27,0,0.48148148148148145,0.1695547835631023,-0.07474682363690344,2.2683878098519092,0.04287987612606228,2.106360109148201,4,44.25925925925926,60.0,1.1577566554036816,INSUFFICIENT_SAMPLE,9,0,3,1,14,0,0,24,0.07407407407407407,0.04526748971193415,14,0.2222222222222222,0.10562414266117967,0.09813737952767682,0.09014791584689184,0.19627475905535344,0.12905588361256476
V2-R2B_ROOT_CAUSE_DIAGNOSTIC_AND_STOP_DECISION,TGS_STABLE_V2_ROOT_CAUSE_DIAGNOSTIC,9dae034999aa33b3f0d059adc059d3c8dbe659c2,POST_HOC_ASSOCIATION_DIAGNOSTIC_ONLY,v2-r2a-20260727-d3b8ed0-integrity1,U100_PIT_LITE,development,29,11101,90,True,False,True,True,True,2712,154,152,2,152,152,0,0.4276315789473684,0.12902412131322522,-0.09611038152007155,1.3424576957514212,0.00016424140206194724,1.002985634756809,13,39.28947368421053,49.0,0.02496469311341598,SUFFICIENT,56,19,7,3,67,0,0,86,0.03289473684210526,0.015408587257617727,23,0.21710526315789475,0.09877077562326868,0.045230010934154234,0.021676454671621208,0.20207803260518103,0.09454480207548437
V2-R2B_ROOT_CAUSE_DIAGNOSTIC_AND_STOP_DECISION,TGS_STABLE_V2_ROOT_CAUSE_DIAGNOSTIC,9dae034999aa33b3f0d059adc059d3c8dbe659c2,POST_HOC_ASSOCIATION_DIAGNOSTIC_ONLY,v2-r2a-20260727-d3b8ed0-integrity1,U100_PIT_LITE,development,30,11110,90,False,True,True,True,True,125,2,2,0,2,2,0,0.5,0.12627606274286585,-0.1029404038065681,1.2266909597532472,0.011667829468148871,1.2266909597532472,1,33.5,33.5,0.023335658936297743,INSUFFICIENT_SAMPLE,0,1,0,0,1,0,0,2,0.5,0.5,2,0.5,0.5,1.0,1.0,1.0,1.0
V2-R2B_ROOT_CAUSE_DIAGNOSTIC_AND_STOP_DECISION,TGS_STABLE_V2_ROOT_CAUSE_DIAGNOSTIC,9dae034999aa33b3f0d059adc059d3c8dbe659c2,POST_HOC_ASSOCIATION_DIAGNOSTIC_ONLY,v2-r2a-20260727-d3b8ed0-integrity1,U100_PIT_LITE,development,31,11111,120,True,True,True,True,True,233,31,31,0,31,31,0,0.2903225806451613,0.16396364673920683,-0.09543002788112852,1.7181557040248017,-0.02012218686232149,0.702881878919237,10,34.45161290322581,31.0,-0.6237877927319662,SUFFICIENT,9,9,2,0,11,0,0,27,0.06451612903225806,0.04058272632674296,16,0.12903225806451613,0.08428720083246617,0.11004722812831019,0.054996451871282326,0.14751164135573722,0.09657681441002954
V2-R2B_ROOT_CAUSE_DIAGNOSTIC_AND_STOP_DECISION,TGS_STABLE_V2_ROOT_CAUSE_DIAGNOSTIC,9dae034999aa33b3f0d059adc059d3c8dbe659c2,POST_HOC_ASSOCIATION_DIAGNOSTIC_ONLY,v2-r2a-20260727-d3b8ed0-integrity1,U100_PIT_LITE,validation,15,01111,100,True,True,True,True,False,1276,66,61,5,61,61,0,0.4426229508196721,0.16053989488540502,-0.08887551707082725,1.806345551356585,0.021521468549144402,1.4344508790184642,7,41.19672131147541,54.0,1.3128095814978085,SUFFICIENT,23,4,4,0,30,0,0,46,0.04918032786885246,0.025530771298038164,19,0.2459016393442623,0.097016930932545,0.06797108041150747,0.04122229224421069,0.2871790889299766,0.13052965143312426
V2-R2B_ROOT_CAUSE_DIAGNOSTIC_AND_STOP_DECISION,TGS_STABLE_V2_ROOT_CAUSE_DIAGNOSTIC,9dae034999aa33b3f0d059adc059d3c8dbe659c2,POST_HOC_ASSOCIATION_DIAGNOSTIC_ONLY,v2-r2a-20260727-d3b8ed0-integrity1,U100_PIT_LITE,validation,23,10111,100,True,True,True,False,True,169,6,5,1,5,5,0,0.4,0.24474175467672676,-0.08523231150514998,2.8714668223205324,0.046757314967600716,1.914311214880355,2,34.2,23.0,0.23378657483800358,INSUFFICIENT_SAMPLE,2,0,1,0,2,0,0,5,0.2,0.20000000000000004,4,0.4,0.28,0.40163329994946934,0.36132264597192487,0.40163329994946934,0.36132264597192487
V2-R2B_ROOT_CAUSE_DIAGNOSTIC_AND_STOP_DECISION,TGS_STABLE_V2_ROOT_CAUSE_DIAGNOSTIC,9dae034999aa33b3f0d059adc059d3c8dbe659c2,POST_HOC_ASSOCIATION_DIAGNOSTIC_ONLY,v2-r2a-20260727-d3b8ed0-integrity1,U100_PIT_LITE,validation,29,11101,90,True,False,True,True,True,1028,46,44,2,44,44,0,0.4772727272727273,0.14111293130839608,-0.0865715141153618,1.6300157476783244,0.022096062109613564,1.4882752478802093,6,46.18181818181818,59.5,0.9722267328229969,SUFFICIENT,16,2,4,0,22,0,0,37,0.06818181818181818,0.030991735537190077,19,0.13636363636363635,0.06921487603305783,0.10315312309267509,0.05536414585294734,0.1547296846390127,0.08380684141205216
V2-R2B_ROOT_CAUSE_DIAGNOSTIC_AND_STOP_DECISION,TGS_STABLE_V2_ROOT_CAUSE_DIAGNOSTIC,9dae034999aa33b3f0d059adc059d3c8dbe659c2,POST_HOC_ASSOCIATION_DIAGNOSTIC_ONLY,v2-r2a-20260727-d3b8ed0-integrity1,U100_PIT_LITE,validation,30,11110,90,False,True,True,True,True,29,1,1,0,1,1,0,0.0,,-0.06641004429720887,,-0.06641004429720887,0.0,1,60.0,60.0,-0.06641004429720887,INSUFFICIENT_SAMPLE,0,0,0,0,1,0,0,1,1.0,1.0,1,1.0,1.0,1.0,1.0,1.0,1.0
V2-R2B_ROOT_CAUSE_DIAGNOSTIC_AND_STOP_DECISION,TGS_STABLE_V2_ROOT_CAUSE_DIAGNOSTIC,9dae034999aa33b3f0d059adc059d3c8dbe659c2,POST_HOC_ASSOCIATION_DIAGNOSTIC_ONLY,v2-r2a-20260727-d3b8ed0-integrity1,U100_PIT_LITE,validation,31,11111,120,True,True,True,True,True,139,16,14,2,14,14,0,0.35714285714285715,0.15005621004452205,-0.09408638537800229,1.5948769786580161,-0.006892601298529311,0.8860427659211202,4,42.785714285714285,43.5,-0.09649641817941035,INSUFFICIENT_SAMPLE,8,0,0,1,5,0,0,13,0.14285714285714285,0.0816326530612245,10,0.21428571428571427,0.13265306122448978,0.24255818660410303,0.14797227410758657,0.24255818660410303,0.17738951105192186
V2-R2B_ROOT_CAUSE_DIAGNOSTIC_AND_STOP_DECISION,TGS_STABLE_V2_ROOT_CAUSE_DIAGNOSTIC,9dae034999aa33b3f0d059adc059d3c8dbe659c2,POST_HOC_ASSOCIATION_DIAGNOSTIC_ONLY,v2-r2a-20260727-d3b8ed0-integrity1,U100_PIT_LITE,final_holdout,15,01111,100,True,True,True,True,False,1224,80,80,0,80,71,9,0.38028169014084506,0.20588341401211532,-0.09254610694307788,2.2246577496636086,0.020941175673685735,1.3651308918390326,8,38.67605633802817,42.0,1.4868234728316871,SUFFICIENT,26,7,11,4,23,0,0,47,0.04225352112676056,0.025590160682404276,24,0.19718309859154928,0.08470541559214442,0.06393637635433169,0.03875361159584688,0.23044159382347412,0.10188577551925675
V2-R2B_ROOT_CAUSE_DIAGNOSTIC_AND_STOP_DECISION,TGS_STABLE_V2_ROOT_CAUSE_DIAGNOSTIC,9dae034999aa33b3f0d059adc059d3c8dbe659c2,POST_HOC_ASSOCIATION_DIAGNOSTIC_ONLY,v2-r2a-20260727-d3b8ed0-integrity1,U100_PIT_LITE,final_holdout,23,10111,100,True,True,True,False,True,145,13,13,0,13,13,0,0.23076923076923078,0.29978376923501604,-0.12170710127931646,2.463157581471073,-0.024439977314470503,0.7389472744413219,6,16.384615384615383,12.0,-0.31771970508811653,INSUFFICIENT_SAMPLE,5,5,2,1,0,0,0,11,0.15384615384615385,0.10059171597633138,8,0.3076923076923077,0.17159763313609472,0.20184338114333888,0.1119885066163173,0.2018433811433389,0.14087675258380702
V2-R2B_ROOT_CAUSE_DIAGNOSTIC_AND_STOP_DECISION,TGS_STABLE_V2_ROOT_CAUSE_DIAGNOSTIC,9dae034999aa33b3f0d059adc059d3c8dbe659c2,POST_HOC_ASSOCIATION_DIAGNOSTIC_ONLY,v2-r2a-20260727-d3b8ed0-integrity1,U100_PIT_LITE,final_holdout,29,11101,90,True,False,True,True,True,1059,49,49,0,49,49,0,0.5102040816326531,0.15158655766981335,-0.10402403257692545,1.457226315060566,0.02638953387549231,1.5179440781880897,8,35.53061224489796,37.0,1.2930871598991232,SUFFICIENT,16,6,2,3,22,0,0,42,0.04081632653061224,0.026239067055393576,16,0.12244897959183673,0.07788421491045397,0.08226977383043661,0.04784735914596635,0.17350312266894974,0.10052270531833886
V2-R2B_ROOT_CAUSE_DIAGNOSTIC_AND_STOP_DECISION,TGS_STABLE_V2_ROOT_CAUSE_DIAGNOSTIC,9dae034999aa33b3f0d059adc059d3c8dbe659c2,POST_HOC_ASSOCIATION_DIAGNOSTIC_ONLY,v2-r2a-20260727-d3b8ed0-integrity1,U100_PIT_LITE,final_holdout,30,11110,90,False,True,True,True,True,19,1,1,0,1,1,0,1.0,0.12476501279289853,,,0.12476501279289853,,0,60.0,60.0,0.12476501279289853,INSUFFICIENT_SAMPLE,0,0,0,0,1,0,0,1,1.0,1.0,1,1.0,1.0,,,,
V2-R2B_ROOT_CAUSE_DIAGNOSTIC_AND_STOP_DECISION,TGS_STABLE_V2_ROOT_CAUSE_DIAGNOSTIC,9dae034999aa33b3f0d059adc059d3c8dbe659c2,POST_HOC_ASSOCIATION_DIAGNOSTIC_ONLY,v2-r2a-20260727-d3b8ed0-integrity1,U100_PIT_LITE,final_holdout,31,11111,120,True,True,True,True,True,117,21,21,0,21,20,1,0.5,0.17210041730600845,-0.09257733536653792,1.8589908277724543,0.03976154096973526,1.8589908277724545,5,33.95,28.0,0.7952308193947053,INSUFFICIENT_SAMPLE,5,3,4,1,7,0,0,18,0.15,0.06500000000000002,12,0.3,0.145,0.22186078955459543,0.13342535473414044,0.3327911843318933,0.182647564675929
